0,-2.4127,0,0
0,-2.413,0,0
0,-2.4133,0,0
0,-2.4135,0,0
0,-2.4138,0,0
0,-2.4141,0,0
0,-2.4143,0,0
0,-2.4146,0,0
0,-2.4149,0,0
0,-2.4152,0,0
9.10E-16,-2.4154,0,0
0,-2.4157,0,0
0,-2.416,0,0
0,-2.4162,0,0
0,-2.4165,0,0
0,-2.4168,0,0
0,-2.4171,0,0
0,-2.4173,0,0
0,-2.4176,0,0
0,-2.4179,0,0
0,-2.4181,0,0
0,-2.4184,0,0
0,-2.4187,0,0
0,-2.419,0,0
0,-2.4192,0,0
0,-2.4195,0,0
0,-2.4198,0,0
0,-2.42,0,0
0,-2.4203,0,0
0,-2.4206,0,0
0,-2.4209,0,0
0,-2.4211,0,0
0,-2.4214,0,0
0,-2.4217,0,0
0,-2.422,0,0
0,-2.4222,0,0
0,-2.4225,0,0
0,-2.4228,0,0
0,-2.423,0,0
0,-2.4233,0,0
0,-2.4236,0,0
0,-2.4239,0,0
0,-2.4241,0,0
0,-2.4244,0,0
0,-2.4247,0,0
0,-2.425,0,0
0,-2.4252,0,0
0,-2.4255,0,0
0,-2.4258,0,0
0,-2.4261,0,0
9.17E-16,-2.4263,0,0
9.17E-16,-2.4266,0,0
0,-2.4269,0,0
0,-2.4272,0,0
0,-2.4274,0,0
0,-2.4277,0,0
0,-2.428,0,0
0,-2.4282,0,0
0,-2.4285,0,0
0,-2.4288,0,0
0,-2.4291,0,0
0,-2.4293,0,0
0,-2.4296,0,0
0,-2.4299,0,0
0,-2.4302,0,0
0,-2.4304,0,0
0,-2.4307,0,0
0,-2.431,0,0
0,-2.4313,0,0
0,-2.4315,0,0
0,-2.4318,0,0
0,-2.4321,0,0
0,-2.4324,0,0
0,-2.4326,0,0
0,-2.4329,0,0
0,-2.4332,0,0
0,-2.4335,0,0
0,-2.4337,0,0
0,-2.434,0,0
0,-2.4343,0,0
0,-2.4346,0,0
0,-2.4348,0,0
0,-2.4351,0,0
0,-2.4354,0,0
0,-2.4357,0,0
0,-2.436,0,0
0,-2.4362,0,0
0,-2.4365,0,0
0,-2.4368,0,0
0,-2.4371,0,0
9.24E-16,-2.4373,0,0
9.24E-16,-2.4376,0,0
0,-2.4379,0,0
0,-2.4382,0,0
0,-2.4384,0,0
0,-2.4387,0,0
0,-2.439,0,0
0,-2.4393,0,0
0,-2.4395,0,0
0,-2.4398,0,0
0,-2.4401,0,0
0,-2.4404,0,0
0,-2.4407,0,0
0,-2.4409,0,0
0,-2.4412,0,0
0,-2.4415,0,0
0,-2.4418,0,0
0,-2.442,0,0
0,-2.4423,0,0
0,-2.4426,0,0
0,-2.4429,0,0
0,-2.4432,0,0
0,-2.4434,0,0
0,-2.4437,0,0
0,-2.444,0,0
0,-2.4443,0,0
0,-2.4445,0,0
0,-2.4448,0,0
0,-2.4451,0,0
0,-2.4454,0,0
0,-2.4457,0,0
0,-2.4459,0,0
0,-2.4462,0,0
0,-2.4465,0,0
0,-2.4468,0,0
0,-2.447,0,0
0,-2.4473,0,0
0,-2.4476,0,0
0,-2.4479,0,0
0,-2.4482,0,0
9.30E-16,-2.4484,0,0
9.31E-16,-2.4487,0,0
9.31E-16,-2.449,0,0
0,-2.4493,0,0
0,-2.4496,0,0
0,-2.4498,0,0
0,-2.4501,0,0
0,-2.4504,0,0
0,-2.4507,0,0
0,-2.4509,0,0
0,-2.4512,0,0
0,-2.4515,0,0
0,-2.4518,0,0
0,-2.4521,0,0
0,-2.4523,0,0
0,-2.4526,0,0
0,-2.4529,0,0
0,-2.4532,0,0
0,-2.4535,0,0
0,-2.4537,0,0
0,-2.454,0,0
0,-2.4543,0,0
0,-2.4546,0,0
0,-2.4549,0,0
0,-2.4551,0,0
0,-2.4554,0,0
0,-2.4557,0,0
0,-2.456,0,0
0,-2.4563,0,0
0,-2.4566,0,0
1.16E-05,-2.4568,0,0
7.94E-05,-2.4571,0,0
0.00014725,-2.4574,0,0
0.00021511,-2.4577,0,0
0.000283,-2.458,0,0
0.00035092,-2.4582,0,0
0.00041886,-2.4585,0,0
0.00048682,-2.4588,0,0
0.00055481,-2.4591,0,0
0.00062283,-2.4594,0,0
0.00069087,-2.4596,0,0
0.00075893,-2.4599,0,0
0.00082703,-2.4602,0,0
0.00089514,-2.4605,0,0
0.00096328,-2.4608,0,0
0.0010314,-2.461,0,0
0.0010996,-2.4613,0,0
0.0011679,-2.4616,0,0
0.0012361,-2.4619,0,0
0.0013044,-2.4622,0,0
0.0014953,-2.4625,0,0
0.0017367,-2.4627,0,0
0.0019781,-2.463,0,0
0.0022196,-2.4633,0,0
0.0024611,-2.4636,0,0
0.0027028,-2.4639,0,0
0.0029446,-2.4642,0,0
0.0031864,-2.4644,0,0
0.0034284,-2.4647,0,0
0.0036704,-2.465,0,0
0.0039125,-2.4653,0,0
0.0041547,-2.4656,0,0
0.004397,-2.4658,0,0
0.0046394,-2.4661,0,0
0.0048819,-2.4664,0,0
0.0051245,-2.4667,0,0
0.0053671,-2.467,0,0
0.0056099,-2.4673,0,0
0.0058527,-2.4675,0,0
0.0060956,-2.4678,0,0
0.0064943,-2.4681,0,0
0.006964,-2.4684,0,0
0.007434,-2.4687,0,0
0.0079042,-2.469,0,0
0.0083746,-2.4692,0,0
0.0088452,-2.4695,0,0
0.0093161,-2.4698,0,0
0.0097872,-2.4701,0,0
0.010259,-2.4704,0,0
0.01073,-2.4707,0,0
0.011202,-2.4709,0,0
0.011674,-2.4712,0,0
0.012146,-2.4715,0,0
0.012619,-2.4718,0,0
0.013091,-2.4721,0,0
0.013564,-2.4724,0,0
0.014037,-2.4727,0,0
0.014511,-2.4729,0,0
0.014984,-2.4732,0,0
0.015458,-2.4735,0,0
0.015969,-2.4738,0,0
0.01672,-2.4741,0,0
0.017472,-2.4744,0,0
0.018224,-2.4746,0,0
0.018976,-2.4749,0,0
0.019729,-2.4752,0,0
0.020482,-2.4755,0,0
0.021235,-2.4758,0,0
0.021989,-2.4761,0,0
0.022743,-2.4764,0,0
0.023497,-2.4766,0,0
0.024252,-2.4769,0,0
0.025007,-2.4772,0,0
0.025762,-2.4775,0,0
0.026518,-2.4778,0,0
0.027274,-2.4781,0,0
0.02803,-2.4784,0,0
0.028786,-2.4786,0,0
0.029543,-2.4789,0,0
0.0303,-2.4792,0,0
0.031058,-2.4795,0,0
0.031845,-2.4798,0,0
0.032927,-2.4801,0,0
0.03401,-2.4804,0,0
0.035094,-2.4806,0,0
0.036178,-2.4809,0,0
0.037263,-2.4812,0,0
0.038347,-2.4815,0,0
0.039433,-2.4818,0,0
0.040519,-2.4821,0,0
0.041605,-2.4824,0,0
0.042691,-2.4826,0,0
0.043778,-2.4829,0,0
0.044866,-2.4832,0,0
0.045953,-2.4835,0,0
0.047042,-2.4838,0,0
0.04813,-2.4841,0,0
0.049219,-2.4844,0,0
0.050309,-2.4847,0,0
0.051399,-2.4849,0,0
0.052489,-2.4852,0,0
0.053579,-2.4855,0,0
0.05467,-2.4858,0,0
0.055968,-2.4861,0,0
0.057429,-2.4864,0,0
0.058891,-2.4867,0,0
0.060353,-2.487,0,0
0.061816,-2.4872,0,0
0.063279,-2.4875,0,0
0.064742,-2.4878,0,0
0.066207,-2.4881,0,0
0.067671,-2.4884,0,0
0.069137,-2.4887,0,0
0.070602,-2.489,0,0
0.072068,-2.4893,0,0
0.073535,-2.4895,0,0
0.075002,-2.4898,-1.916,0
0.07647,-2.4901,-1.9159,0
0.077938,-2.4904,-1.9158,0
0.079407,-2.4907,-1.9157,0
0.080876,-2.491,-1.9156,0
0.082345,-2.4913,-1.9156,0
0.083815,-2.4916,-1.9155,0
0.085285,-2.4919,-1.9154,0
0.086756,-2.4921,-1.9153,0
0.088453,-2.4924,-1.9152,0
0.090337,-2.4927,-1.9151,0
0.09222,-2.493,-1.915,0
0.094105,-2.4933,-1.9149,0
0.09599,-2.4936,-1.9148,0
0.097875,-2.4939,-1.9147,0
0.099761,-2.4942,-1.9146,0
0.10165,-2.4945,-1.9146,0
0.10354,-2.4947,-1.9145,0
0.10542,-2.495,-1.9144,0
0.10731,-2.4953,-1.9143,0
0.1092,-2.4956,-1.9142,0
0.11109,-2.4959,-1.9141,0
0.11298,-2.4962,-1.914,0
0.11487,-2.4965,-1.9139,0
0.11676,-2.4968,-1.9138,0
0.11865,-2.4971,-1.9137,0
0.12054,-2.4974,-1.9136,0
0.12244,-2.4976,-1.9135,0
0.12433,-2.4979,-1.9134,0
0.12622,-2.4982,-1.9133,0
0.12812,-2.4985,-1.913,0
0.13004,-2.4988,-1.9126,0
0.13239,-2.4991,-1.9123,0
0.13472,-2.4994,-1.9119,0
0.137,-2.4997,-1.9116,0
0.13928,-2.5001,-1.9113,0
0.14155,-2.5004,-1.911,0
0.14383,-2.5007,-1.9107,0
0.14611,-2.5011,-1.9104,0
0.14839,-2.5014,-1.9101,0
0.15067,-2.5017,-1.9097,0
0.15295,-2.5021,-1.9094,0
0.15523,-2.5024,-1.9091,0
0.15751,-2.5027,-1.9088,0
0.15979,-2.5031,-1.9085,0
0.16207,-2.5034,-1.9082,0
0.16435,-2.5037,-1.9078,0
0.16664,-2.5041,-1.9075,0
0.16892,-2.5044,-1.9072,0
0.1712,-2.5048,-1.9069,0
0.17349,-2.5051,-1.9066,0
0.17577,-2.5054,-1.9062,0
0.17802,-2.5058,-1.9059,0
0.18013,-2.5062,-1.9057,0
0.18229,-2.5067,-1.9055,0
0.18489,-2.5071,-1.9053,0
0.18748,-2.5076,-1.9051,0
0.19008,-2.508,-1.9048,0
0.19267,-2.5085,-1.9046,0
0.19527,-2.5089,-1.9044,0
0.19787,-2.5094,-1.9042,0
0.20046,-2.5098,-1.9039,0
0.20306,-2.5103,-1.9037,0
0.20566,-2.5107,-1.9034,0
0.20826,-2.5112,-1.9029,0
0.21086,-2.5116,-1.9024,0
0.21346,-2.5121,-1.9019,0
0.21606,-2.5125,-1.9014,0
0.21866,-2.513,-1.9009,0
0.22126,-2.5134,-1.9004,0
0.22386,-2.5139,-1.8998,0
0.22646,-2.5143,-1.8993,0
0.22889,-2.5149,-1.8989,0
0.23126,-2.5155,-1.8986,0
0.23363,-2.5161,-1.8982,0
0.23599,-2.5167,-1.8978,0
0.23836,-2.5173,-1.8974,0
0.24073,-2.5179,-1.8971,0
0.24347,-2.5185,-1.8967,0
0.24637,-2.5191,-1.8963,0
0.24926,-2.5197,-1.8959,0
0.25215,-2.5203,-1.8955,0
0.25505,-2.5209,-1.8952,0
0.25794,-2.5215,-1.8948,0
0.26084,-2.5221,-1.8944,0
0.26373,-2.5227,-1.894,0
0.26663,-2.5233,-1.8936,0
0.26952,-2.5239,-1.8933,0
0.27242,-2.5245,-1.8929,0
0.27532,-2.5251,-1.8925,0
0.27821,-2.5257,-1.8921,0
0.28111,-2.5263,-1.8917,0
0.28381,-2.527,-1.8914,0
0.28642,-2.5278,-1.8912,0
0.28903,-2.5285,-1.891,0
0.29164,-2.5293,-1.8908,0
0.29425,-2.5301,-1.8906,0
0.29686,-2.5309,-1.8903,0
0.29947,-2.5317,-1.8898,0
0.30208,-2.5324,-1.8893,0
0.3047,-2.5332,-1.8887,0
0.30731,-2.534,-1.8882,0
0.31041,-2.5348,-1.8877,0
0.31358,-2.5356,-1.8872,0
0.31675,-2.5363,-1.8867,0
0.31992,-2.5371,-1.8861,0
0.3231,-2.5379,-1.8856,0
0.32627,-2.5387,-1.8851,0
0.32944,-2.5395,-1.8846,0
0.33261,-2.5402,-1.884,0
0.33579,-2.541,-1.8835,0
0.33896,-2.5418,-1.883,0
0.34209,-2.5426,-1.8825,0
0.34492,-2.5436,-1.8821,0
0.34776,-2.5446,-1.8818,0
0.3506,-2.5456,-1.8815,0
0.35344,-2.5466,-1.8811,0
0.35628,-2.5476,-1.8808,0
0.35912,-2.5486,-1.8805,0
0.36196,-2.5496,-1.8801,0
0.3648,-2.5506,-1.8798,0
0.36764,-2.5516,-1.8794,0
0.37048,-2.5525,-1.8791,0
0.37332,-2.5535,-1.8788,0
0.37617,-2.5545,-1.8784,0
0.37901,-2.5555,-1.8781,0
0.38219,-2.5565,-1.8777,0
0.38562,-2.5575,-1.8774,0
0.38904,-2.5585,-1.877,0
0.39247,-2.5595,-1.8767,0
0.3959,-2.5605,-1.8764,0
0.39932,-2.5615,-1.876,0
0.40274,-2.5625,-1.8756,0
0.40615,-2.5635,-1.8749,0
0.40919,-2.5647,-1.8745,0
0.41223,-2.566,-1.8741,0
0.41527,-2.5672,-1.8736,0
0.41831,-2.5684,-1.8732,0
0.42135,-2.5697,-1.8728,0
0.42439,-2.5709,-1.8723,0
0.42743,-2.5721,-1.8719,0
0.43047,-2.5734,-1.8714,0
0.43351,-2.5746,-1.871,0
0.43654,-2.5758,-1.8706,0
0.43958,-2.5771,-1.8701,0
0.44262,-2.5783,-1.8697,0
0.44565,-2.5796,-1.8692,0
0.44869,-2.5808,-1.8688,0
0.45172,-2.582,-1.8683,0
0.45476,-2.5833,-1.8679,0
0.45779,-2.5845,-1.8674,0
0.4612,-2.5857,-1.867,0
0.46485,-2.587,-1.8665,0
0.46849,-2.5882,-1.8661,0
0.47213,-2.5895,-1.8656,0
0.4756,-2.5908,-1.8653,0
0.47882,-2.5923,-1.8651,0
0.48204,-2.5938,-1.8649,0
0.48526,-2.5953,-1.8647,0
0.48848,-2.5968,-1.8645,0
0.4917,-2.5983,-1.8643,0
0.49492,-2.5998,-1.8641,0
0.49814,-2.6013,-1.8639,0
0.50136,-2.6028,-1.8637,0
0.50458,-2.6043,-1.8635,0
0.50781,-2.6058,-1.8633,0
0.51103,-2.6073,-1.8631,0
0.51425,-2.6089,-1.8629,0
0.51747,-2.6104,-1.8626,0
0.52069,-2.6119,-1.8623,0
0.52391,-2.6134,-1.8619,0
0.52713,-1.8615,-2.6149,0
0.53035,-1.8612,-2.6164,0
0.53358,-1.8608,-2.6179,0
0.5368,-1.8605,-2.6194,0
0.54002,-1.8601,-2.6209,0
0.54325,-1.8597,-2.6224,0
0.54683,-1.8594,-2.624,0
0.55022,-1.8594,-2.6258,0
0.55361,-1.8593,-2.6276,0
0.55701,-1.8592,-2.6294,0
0.5604,-1.8591,-2.6312,0
0.56379,-1.8591,-2.633,0
0.56719,-1.859,-2.6348,0
0.57058,-1.8589,-2.6366,0
0.57398,-1.8588,-2.6384,0
0.57737,-1.8588,-2.6402,0
0.58077,-1.8587,-2.642,0
0.58416,-1.8586,-2.6438,0
0.58756,-1.8585,-2.6456,0
0.59096,-1.8585,-2.6474,0
0.59436,-1.8584,-2.6492,0
0.59776,-1.8583,-2.651,0
0.60116,-1.8582,-2.6528,0
0.60456,-1.8581,-2.6546,0
0.60796,-1.858,-2.6564,0
0.61136,-1.858,-2.6582,0
0.61477,-1.8579,-2.66,0
0.61817,-1.8578,-2.6618,0
0.62158,-1.8577,-2.6636,0
0.6247,-1.8578,-2.6656,0
0.6276,-1.858,-2.6677,0
0.63051,-1.8582,-2.6699,0
0.63342,-1.8584,-2.672,0
0.63698,-1.8587,-2.6741,0
0.64054,-1.8589,-2.6762,0
0.64411,-1.8591,-2.6783,0
0.64767,-1.8593,-2.6805,0
0.65123,-1.8596,-2.6826,0
0.6548,-1.8598,-2.6847,0
0.65836,-1.86,-2.6868,0
0.66193,-1.8603,-2.6889,0
0.6655,-1.8605,-2.6911,0
0.66907,-1.8607,-2.6932,0
0.67264,-1.8609,-2.6953,0
0.67621,-1.8612,-2.6974,0
0.67978,-1.8614,-2.6996,0
0.68336,-1.8616,-2.7017,0
0.68694,-1.8619,-2.7038,0
0.69051,-1.8621,-2.7059,0
0.6941,-1.8622,-2.7081,0
0.69768,-1.8624,-2.7102,0
0.70126,-1.8626,-2.7123,0
0.70465,-1.8628,-2.7146,0
0.7077,-1.8634,-2.717,0
0.71075,-1.8639,-2.7195,0
0.7138,-1.8644,-2.722,0
0.71685,-1.8649,-2.7244,0
0.71991,-1.8654,-2.7269,0
0.72297,-1.8659,-2.7294,0
0.72602,-1.8664,-2.7318,0
0.72927,-1.8669,-2.7343,0
0.733,-1.8675,-2.7367,0
0.73673,-1.868,-2.7392,0
0.74047,-1.8685,-2.7417,0
0.7442,-1.869,-2.7442,0
0.74794,-1.8696,-2.7466,0
0.75168,-1.8701,-2.7491,0
0.75542,-1.8706,-2.7516,0
0.75916,-1.8711,-2.754,0
0.76291,-1.8717,-2.7565,0
0.76666,-1.8722,-2.759,0
0.77041,-1.8727,-2.7614,0
0.77416,-1.8732,-2.7639,0
0.77791,-1.8737,-2.7664,0
0.78167,-1.8741,-2.7689,0
0.78543,-1.8745,-2.7713,0
0.78883,-1.8752,-2.774,0
0.79202,-1.8759,-2.7769,0
0.79521,-1.8767,-2.7797,0
0.7984,-1.8775,-2.7825,0
0.8016,-1.8783,-2.7854,0
0.8048,-1.8791,-2.7882,0
0.808,-1.8798,-2.791,0
0.8112,-1.8806,-2.7938,0
0.8144,-1.8814,-2.7967,0
0.81761,-1.8822,-2.7995,0
0.82082,-1.883,-2.8024,0
0.82403,-1.8838,-2.8052,0
0.82725,-1.8846,-2.808,0
0.83064,-1.8854,-2.8109,0
0.83418,-1.8862,-2.8137,0
0.83772,-1.887,-2.8165,0
0.84127,-1.8878,-2.8193,0
0.84481,-1.8886,-2.8221,0
0.84836,-1.8894,-2.8249,0
0.85192,-1.8902,-2.8277,0
0.85547,-1.891,-2.8305,0
0.85903,-1.8918,-2.8333,0
0.8626,-1.8924,-2.8361,0
0.86616,-1.8929,-2.8389,0
0.8695,-1.8935,-2.8418,0
0.87246,-1.8944,-2.845,0
0.87542,-1.8953,-2.8482,0
0.87838,-1.8962,-2.8513,0
0.88135,-1.897,-2.8545,0
0.88431,-1.8979,-2.8577,0
0.88728,-1.8988,-2.8609,0
0.89026,-1.8997,-2.864,0
0.89323,-1.9006,-2.8672,0
0.89621,-1.9015,-2.8704,0
0.8992,-1.9024,-2.8735,0
0.90222,-1.9033,-2.8766,0
0.90524,-1.9042,-2.8796,0
0.90827,-1.9051,-2.8827,0
0.9113,-1.906,-2.8857,0
0.91433,-1.9069,-2.8888,0
0.91736,-1.9079,-2.8919,0
0.9204,-1.9088,-2.8949,0
0.92344,-1.9097,-2.898,0
0.92648,-1.9106,-2.9011,0
0.92953,-1.9115,-2.9041,0
0.93258,-1.9124,-2.9072,0
0.93564,-1.9134,-2.9103,0
0.93869,-1.9143,-2.9133,0
0.94175,-1.9152,-2.9164,0
0.94443,-1.9164,-2.9197,0
0.94684,-1.9178,-2.9232,0
0.94926,-1.9192,-2.9266,0
0.95168,-1.9206,-2.9301,0
0.9541,-1.922,-2.9335,0
0.95652,-1.9234,-2.9368,0
0.95898,-1.9248,-2.9401,0
0.96156,-1.9262,-2.9434,0
0.96414,-1.9276,-2.9467,0
0.96673,-1.929,-2.95,0
0.96932,-1.9304,-2.9534,0
0.97191,-1.9318,-2.9567,0
0.97451,-1.9332,-2.96,0
0.9771,-1.9347,-2.9633,0
0.97971,-1.9361,-2.9666,0
0.98231,-1.9375,-2.97,0
0.98492,-1.939,-2.9733,0
0.98753,-1.9404,-2.9766,0
0.99015,-1.9418,-2.9799,0
0.99277,-1.9433,-2.9832,0
0.99539,-1.9447,-2.9866,0
0.99802,-1.9462,-2.9899,0
1.0006,-1.9469,-2.9932,0
1.0033,-1.9477,-2.9965,0
1.0059,-1.9484,-2.9997,0
1.0083,-1.9493,-3.0029,0
1.0103,-1.9505,-3.0065,0
1.0123,-1.9518,-3.01,0
1.0145,-1.953,-3.0136,0
1.0168,-1.9542,-3.0171,0
1.019,-1.9554,-3.0207,0
1.0212,-1.9567,-3.0242,0
1.0235,-1.9579,-3.0278,0
1.0257,-1.9591,-3.0314,0
1.028,-1.9604,-3.0349,0
1.0302,-1.9616,-3.0385,0
1.0325,-1.9628,-3.0421,0
1.0347,-1.964,-3.0456,0
1.037,-1.9652,-3.0492,0
1.0392,-1.9665,-3.0528,0
1.0415,-1.9677,-3.0564,0
1.0438,-1.9689,-3.0599,0
1.0461,-1.9701,-3.0635,0
1.0483,-1.9713,-3.0671,0
1.0506,-1.9725,-3.0704,0
1.0529,-1.9737,-3.0738,0
1.0552,-1.9749,-3.0772,0
1.0575,-1.9761,-3.0805,0
1.0601,-1.9774,-3.0839,0
1.0631,-1.9786,-3.0873,0
1.0661,-1.9798,-3.0907,0
1.0687,-1.9812,-3.0943,0
1.0709,-1.9829,-3.0981,0
1.0732,-1.9846,-3.1019,0
1.0754,-1.9863,-3.1057,0
1.0777,-1.9881,-3.1095,0
1.08,-1.9898,-3.1133,0
1.0822,-1.9915,-3.1172,0
1.0845,-1.9932,-3.121,0
1.0867,-1.9949,-3.1248,0
1.089,-1.9966,-3.1286,0
1.0913,-1.9983,-3.1325,0
1.0936,-2,-3.1363,0
1.0959,-2.0018,-3.1401,0
1.0981,-2.0035,-3.1438,0
1.1004,-2.0052,-3.1474,0
1.1027,-2.0069,-3.151,0
1.105,-2.0086,-3.1546,0
1.1073,-2.0103,-3.1582,0
1.1096,-2.012,-3.1618,0
1.1119,-2.0134,-3.1654,0
1.1142,-2.0143,-3.169,0
1.1166,-2.0153,-3.1726,0
1.1189,-2.0163,-3.1762,0
1.1212,-2.0172,-3.1798,0
1.1235,-2.0182,-3.1835,0
1.1258,-2.0192,-3.1871,0
1.1281,-2.0201,-3.1907,0
1.1297,-2.0216,-3.1948,0
1.1313,-2.0231,-3.1988,0
1.1328,-2.0246,-3.2029,0
1.1344,-2.0261,-3.207,0
1.136,-2.0276,-3.2111,0
1.1375,-2.0291,-3.2151,0
1.1391,-2.0306,-3.2192,0
1.1407,-2.0321,-3.2232,0
1.1423,-2.0336,-3.227,0
1.1438,-2.0351,-3.2308,0
1.1458,-2.0366,-3.2346,0
1.1487,-2.0381,-3.2384,0
1.1516,-2.0396,-3.2422,0
1.1545,-2.041,-3.246,0
1.1575,-2.0425,-3.2499,0
1.1604,-2.044,-3.2537,0
1.1633,-2.0454,-3.2575,0
1.1663,-2.0463,-3.2613,0
1.1692,-2.0472,-3.2652,0
1.1722,-2.0481,-3.269,0
1.1752,-2.049,-3.2728,0
1.1781,-2.0499,-3.2767,0
1.1811,-2.0508,-3.2805,0
1.1841,-2.0516,-3.2844,0
1.187,-2.0525,-3.2882,0
1.19,-2.0534,-3.2921,0
1.193,-2.0543,-3.2959,0
1.1956,-2.0554,-3.3,0
1.1982,-2.0565,-3.3041,0
1.2008,-2.0577,-3.3078,0
1.2035,-2.0588,-3.3116,0
1.2061,-2.0599,-3.3154,0
1.2087,-2.0611,-3.3192,0
1.2113,-2.0622,-3.3229,0
1.214,-2.0633,-3.3267,0
1.2166,-2.0644,-3.3305,0
1.2193,-2.0656,-3.3343,0
1.2219,-2.0667,-3.3381,0
1.2245,-2.0678,-3.3419,0
1.2272,-2.0689,-3.3457,0
1.2298,-2.07,-3.3495,0
1.2325,-2.0707,-3.3533,0
1.2352,-2.0712,-3.3571,0
1.2378,-2.0717,-3.3609,0
1.2405,-2.0721,-3.3647,0
1.2432,-2.0725,-3.3685,0
1.2458,-2.073,-3.3723,0
1.2484,-2.0734,-3.3762,0
1.2511,-2.0739,-3.38,0
1.2537,-2.0744,-3.3839,0
1.2574,-2.0748,-3.3877,0
1.2614,-2.0752,-3.3913,0
1.2654,-2.0757,-3.3948,0
1.2694,-2.0761,-3.3983,0
1.2733,-2.0765,-3.4019,0
1.2773,-2.077,-3.4054,0
1.2813,-2.0774,-3.4089,0
1.2853,-2.0778,-3.4125,0
1.2893,-2.0782,-3.416,0
1.2933,-2.0786,-3.4196,0
1.2973,-2.079,-3.4231,0
1.3013,-2.0794,-3.4267,0
1.3053,-2.0798,-3.4302,0
1.3093,-2.0802,-3.4338,0
1.3134,-2.0806,-3.4373,0
1.3174,-2.081,-3.4409,0
1.3213,-2.081,-3.4445,0
1.3251,-2.0808,-3.4482,0
1.329,-2.0806,-3.4519,0
1.333,-2.0803,-3.4555,0
1.3379,-2.0801,-3.4592,0
1.3428,-2.0799,-3.4629,0
1.3477,-2.0797,-3.4666,0
1.3526,-2.0794,-3.4702,0
1.3575,-2.0792,-3.4735,0
1.3624,-2.0789,-3.4768,0
1.3673,-2.0786,-3.4802,0
1.3723,-2.0784,-3.4835,0
1.3772,-2.0781,-3.4869,0
1.3821,-2.0778,-3.4902,0
1.387,-2.0775,-3.4936,0
1.392,-2.0772,-3.4969,0
1.3969,-2.0769,-3.5003,0
1.4018,-2.0766,-3.5036,0
1.4068,-2.0763,-3.507,0
1.4115,-2.0761,-3.5105,0
1.4161,-2.076,-3.514,0
1.4208,-2.0759,-3.5176,0
1.4254,-2.0758,-3.5211,0
1.4306,-2.0757,-3.5247,0
1.4363,-2.0756,-3.5282,0
1.4421,-2.0752,-3.5318,0
1.4479,-2.0744,-3.5354,0
1.4536,-2.0735,-3.5389,0
1.4594,-2.0726,-3.5425,0
1.4652,-2.0717,-3.5461,0
1.4709,-2.0707,-3.5496,0
1.4767,-2.0698,-3.5528,0
1.4825,-2.0689,-3.556,0
1.4883,-2.0679,-3.5592,0
1.4941,-2.067,-3.5624,0
1.4999,-2.066,-3.5656,0
1.5057,-2.0651,-3.5688,0
1.5115,-2.0641,-3.5721,0
1.5167,-2.0635,-3.5756,0
1.5218,-2.0631,-3.5792,0
1.5268,-2.0627,-3.5829,0
1.5318,-2.0623,-3.5866,0
1.5369,-2.0619,-3.5902,0
1.5427,-2.0614,-3.5939,0
1.5489,-2.061,-3.5976,0
1.5552,-2.0606,-3.6012,0
1.5614,-2.0601,-3.6049,0
1.5676,-2.0596,-3.6086,0
1.5739,-2.0592,-3.6123,0
1.5801,-2.0587,-3.616,0
1.5864,-2.0582,-3.6196,0
1.5927,-2.0574,-3.6233,0
1.5989,-2.0561,-3.627,0
1.6052,-2.0548,-3.6307,0
1.6114,-2.0535,-3.6342,0
1.6177,-2.0521,-3.6375,0
1.624,-2.0508,-3.6408,0
1.6302,-2.0495,-3.6441,0
1.6365,-2.0481,-3.6475,0
1.6428,-2.0467,-3.6508,0
1.649,-2.0454,-3.6541,0
1.6553,-2.044,-3.6574,0
1.6616,-2.0426,-3.6607,0
1.6685,-2.0412,-3.6641,0
1.676,-2.0397,-3.6674,0
1.6835,-2.0383,-3.6707,0
1.6911,-2.0369,-3.6741,0
1.6986,-2.0354,-3.6774,0
1.7061,-2.0339,-3.6808,0
1.7136,-2.0325,-3.6841,0
1.7211,-2.031,-3.6875,0
1.7287,-2.0295,-3.6908,0
1.7362,-2.028,-3.6942,0
1.7437,-2.0265,-3.6975,0
1.7512,-2.0249,-3.7009,0
1.7585,-2.0236,-3.7044,0
1.7645,-2.0233,-3.7086,0
1.7706,-2.0229,-3.7128,0
1.7766,-2.0218,-3.7169,0
1.7827,-2.0206,-3.7207,0
1.7888,-2.0194,-3.7245,0
1.7948,-2.0182,-3.7283,0
1.8009,-2.017,-3.7321,0
1.8071,-2.0157,-3.7359,0
1.8144,-2.0145,-3.7397,0
1.8218,-2.0132,-3.7435,0
1.8291,-2.012,-3.7473,0
1.8364,-2.0107,-3.7511,0
1.8437,-2.0095,-3.7549,0
1.8511,-2.0082,-3.7587,0
1.8584,-2.007,-3.7625,0
1.8657,-2.0057,-3.7663,0
1.873,-2.0045,-3.7701,0
1.8803,-2.0033,-3.7739,0
1.8876,-2.002,-3.7777,0
1.8949,-2.0008,-3.7815,0
1.9022,-1.9996,-3.7853,0
1.9095,-1.9983,-3.7891,0
1.9168,-1.9971,-3.7929,0
1.9241,-1.9959,-3.7967,0
1.9314,-1.9947,-3.8005,0
1.9387,-1.9935,-3.8043,0
1.946,-1.9923,-3.8081,0
1.9533,-1.9911,-3.8115,0
1.9607,-1.9899,-3.8149,0
1.9692,-1.9882,-3.8182,0
1.9778,-1.9861,-3.8215,0
1.9863,-1.9841,-3.8249,0
1.9948,-1.9821,-3.8282,0
2.0034,-1.98,-3.8316,0
2.0119,-1.978,-3.8349,0
2.0205,-1.9759,-3.8382,-2.2424
2.029,-1.9739,-3.8416,-2.2464
2.0366,-1.9726,-3.8455,-2.2508
2.0437,-1.9718,-3.8496,-2.2554
2.0509,-1.971,-3.8537,-2.26
2.058,-1.9702,-3.8579,-2.2646
2.0652,-1.9694,-3.862,-2.2693
2.0723,-1.9686,-3.8661,-2.2739
2.0794,-1.9678,-3.8702,-2.2786
2.0866,-1.967,-3.8744,-2.2833
2.0937,-1.9662,-3.8785,-2.288
2.1009,-1.9654,-3.8826,-2.2927
2.108,-1.9646,-3.8867,-2.2975
2.1152,-1.9638,-3.8909,-2.3022
2.1223,-1.963,-3.895,-2.307
2.1295,-1.9623,-3.8991,-2.3118
2.1379,-1.9615,-3.9032,-2.3166
2.1463,-1.9607,-3.9071,-2.3214
2.1546,-1.96,-3.9107,-2.3262
2.163,-1.9592,-3.9144,-2.3311
2.1714,-1.9585,-3.918,-2.3359
2.1789,-1.9585,-3.9222,-2.3412
2.1862,-1.9588,-3.9265,-2.3466
2.1935,-1.9594,-3.9307,-2.3519
2.2009,-1.96,-3.935,-2.3573
2.2082,-1.9606,-3.9393,-2.3627
2.2155,-1.9612,-3.9435,-2.3682
2.2228,-1.9618,-3.9478,-2.3736
2.2302,-1.9624,-3.9521,-2.3791
2.2375,-1.963,-3.9563,-2.3845
2.2448,-1.9637,-3.9606,-2.39
2.2522,-1.9643,-3.9648,-2.3955
2.2595,-1.965,-3.9691,-2.401
2.2669,-1.9656,-3.9733,-2.4065
2.2742,-1.9664,-3.9776,-2.4121
2.2816,-1.9685,-3.9819,-2.4176
2.2889,-1.9705,-3.9861,-2.4232
2.2963,-1.9726,-3.9904,-2.4288
2.3037,-1.9747,-3.9946,-2.4344
2.3107,-1.9768,-3.9988,-2.44
2.3166,-1.9799,-4.0037,-2.4461
2.3223,-1.9831,-4.0086,-2.4522
2.328,-1.9863,-4.0135,-2.4585
2.3338,-1.9896,-4.0179,-2.4647
2.3395,-1.9928,-4.0223,-2.4709
2.3453,-1.9961,-4.0268,-2.4772
2.351,-1.9994,-4.0312,-2.4834
2.3568,-2.0028,-4.0356,-2.4897
2.3626,-2.0073,-4.0401,-2.496
2.3673,-2.0118,-4.0445,-2.5023
2.3712,-2.0163,-4.0489,-2.5086
2.3751,-2.0209,-4.0533,-2.515
2.3791,-2.0254,-4.0577,-2.5214
2.383,-2.03,-4.0622,-2.5277
2.387,-2.0346,-4.0666,-2.5341
2.3909,-2.0393,-4.071,-2.5405
2.3949,-2.0439,-4.0754,-2.5469
2.3988,-2.0486,-4.0798,-2.5533
2.4028,-2.0533,-4.0842,-2.5598
2.406,-2.0588,-4.0891,-2.5666
2.4077,-2.0647,-4.0942,-2.5737
2.4089,-2.071,-4.0993,-2.5807
2.4102,-2.0779,-4.1044,-2.5879
2.4114,-2.0849,-4.1095,-2.595
2.4126,-2.0919,-4.1146,-2.6021
2.4138,-2.0989,-4.1197,-2.6093
2.4151,-2.106,-4.1248,-2.6164
2.4163,-2.113,-4.1299,-2.6236
2.4176,-2.1201,-4.1351,-2.6309
2.4188,-2.1273,-4.1399,-2.6381
2.4201,-2.1345,-4.1448,-2.6453
2.4213,-2.1417,-4.1497,-2.6526
2.4213,-2.1489,-4.1545,-2.6599
2.4214,-2.1562,-4.1594,-2.6672
2.4214,-2.1635,-4.1642,-2.6745
2.4214,-2.1709,-4.1691,-2.6819
2.4215,-2.1791,-4.1739,-2.6892
2.4215,-2.1873,-4.1788,-2.6965
2.4215,-2.1957,-4.1837,-2.7039
2.4202,-2.2052,-4.1893,-2.7119
2.4189,-2.2147,-4.1948,-2.7199
2.4177,-2.2244,-4.2003,-2.728
2.4164,-2.234,-4.2059,-2.7361
2.4152,-2.2437,-4.2114,-2.7441
2.4132,-2.2534,-4.2168,-2.7522
2.4109,-2.2632,-4.2223,-2.7604
2.4087,-2.273,-4.2277,-2.7685
2.4064,-2.2829,-4.2331,-2.7767
2.4042,-2.2928,-4.2385,-2.7849
2.4019,-2.3028,-4.2438,-2.7931
2.3996,-2.3128,-4.2491,-2.8013
2.3974,-2.3235,-4.2543,-2.8096
2.3951,-2.3342,-4.2595,-2.8179
2.3929,-2.345,-4.2646,-2.8262
2.3906,-2.3559,-4.2697,-2.8345
2.3884,-2.3668,-4.2747,-2.8429
2.3861,-2.3778,-4.2796,-2.8512
2.3832,-2.3888,-4.2845,-2.8596
2.3799,-2.4,-4.2894,-2.868
2.3755,-2.4124,-4.2949,-2.8771
2.3711,-2.4249,-4.3003,-2.8861
2.3666,-2.4374,-4.3055,-2.8952
2.3622,-2.45,-4.3108,-2.9042
2.3577,-2.4626,-4.3159,-2.9134
2.3533,-2.4753,-4.3209,-2.9225
2.3488,-2.4881,-4.3257,-2.9317
2.3444,-2.501,-4.3305,-2.9409
2.3399,-2.5144,-4.3352,-2.9501
2.3354,-2.5279,-4.3397,-2.9593
2.3309,-2.5414,-4.3441,-2.9686
2.3264,-2.555,-4.3484,-2.9779
2.3212,-2.5687,-4.3525,-2.9872
2.3161,-2.5824,-4.3565,-2.9965
2.3109,-2.5962,-4.3603,-3.0059
2.3058,-2.61,-4.364,-3.0153
2.3006,-2.6239,-4.3675,-3.0247
2.2955,-2.6379,-4.3709,-3.0341
2.2903,-2.6519,-4.3741,-3.0436
2.2851,-2.666,-4.3771,-3.0531
2.2789,-2.6812,-4.3805,-3.0631
2.2723,-2.6968,-4.3839,-3.0732
2.2656,-2.7125,-4.3871,-3.0833
2.259,-2.7283,-4.3901,-3.0935
2.2524,-2.7445,-4.3929,-3.1037
2.2457,-2.7608,-4.3955,-3.1139
2.2386,-2.7772,-4.398,-3.1242
2.2315,-2.7937,-4.4001,-3.1345
2.2243,-2.8102,-4.4021,-3.1448
2.2171,-2.8269,-4.4039,-3.1551
2.2099,-2.8436,-4.4054,-3.1655
2.2026,-2.8604,-4.4067,-3.1759
2.1954,-2.8772,-4.4077,-3.1863
2.1881,-2.8942,-4.4086,-3.1968
2.1809,-2.9112,-4.4091,-3.2073
2.1736,-2.9283,-4.4095,-3.2178
2.1663,-2.9455,-4.4095,-3.2284
2.159,-2.9628,-4.4094,-3.2389
2.1516,-2.9802,-4.4089,-3.2495
2.1443,-2.9976,-4.4082,-3.2602
2.1369,-3.0153,-4.4073,-3.2708
2.1281,-3.0343,-4.4066,-3.2821
2.1189,-3.0537,-4.4059,-3.2935
2.1096,-3.0733,-4.4049,-3.3047
2.1004,-3.0929,-4.4036,-3.3159
2.0911,-3.1127,-4.402,-3.3272
2.0818,-3.1325,-4.4002,-3.3385
2.0725,-3.1524,-4.3981,-3.3499
2.0631,-3.1724,-4.3957,-3.3613
-3.1926,2.0538,-4.393,-3.3727
-3.2128,2.0444,-4.39,-3.3841
-3.2331,2.035,-4.3868,-3.3956
-3.2535,2.0255,-4.3832,-3.4071
-3.2741,2.0161,-4.3794,-3.4186
-3.2947,2.0066,-4.3753,-3.4302
-3.3154,1.9971,-4.3708,-3.4418
-3.3363,1.9874,-4.3661,-3.4535
-3.3572,1.9776,-4.3612,-3.4651
-3.3785,1.9678,-4.3559,-3.4769
-3.3999,1.9579,-4.3503,-3.4886
-3.4214,1.948,-4.3444,-3.5004
-3.443,1.938,-4.3383,-3.5122
-3.4646,1.9282,-4.3318,-3.524
-3.4858,1.9188,-4.3248,-3.5356
-3.5072,1.9093,-4.3175,-3.5472
-3.5286,1.8999,-4.3099,-3.5589
-3.5502,1.8904,-4.302,-3.5705
-3.5719,1.8808,-4.2939,-3.5823
-3.5937,1.8713,-4.2854,-3.594
-3.6156,1.8617,-4.2767,-3.6058
-3.6376,1.8521,-4.2678,-3.6177
-3.6598,1.8424,-4.2585,-3.6295
-3.6801,1.8346,-4.248,-3.6405
-3.7001,1.8271,-4.2371,-3.6513
-3.7203,1.8195,-4.2258,-3.6621
-3.7405,1.8119,-4.2144,-3.673
-3.761,1.8043,-4.2027,-3.6839
-3.7815,1.7967,-4.1907,-3.6948
-3.8022,1.789,-4.1785,-3.7058
-3.8229,1.7813,-4.166,-3.7168
-3.8437,1.7736,-4.1533,-3.7278
-3.8645,1.7659,-4.1404,-3.7388
-3.8837,1.7599,-4.1264,-3.749
-3.9028,1.754,-4.1121,-3.7592
-3.922,1.7481,-4.0975,-3.7694
-3.9413,1.7422,-4.0828,-3.7796
-3.9607,1.7363,-4.0678,-3.7899
-3.9801,1.7303,-4.0526,-3.7999
-3.9996,1.7243,-4.0373,-3.8098
-4.0192,1.7183,-4.0217,-3.8197
-4.0389,1.7123,-4.006,-3.8296
-4.0587,1.7062,-3.99,-3.8395
-4.0778,1.7008,-3.8491,-3.9736
-4.0961,1.6963,-3.8584,-3.9566
-4.1145,1.6918,-3.8676,-3.9393
-4.133,1.6873,-3.8769,-3.922
-4.1516,1.6827,-3.8862,-3.9045
-4.1703,1.6781,-3.8955,-3.8868
-4.189,1.6735,-3.9049,-3.869
-4.2079,1.6689,-3.9143,-3.851
-4.2268,1.6643,-3.9237,-3.833
-4.2458,1.6597,-3.9331,-3.8148
-4.2648,1.6551,-3.9426,-3.7965
-4.2834,1.651,-3.9518,-3.7778
-4.3013,1.6476,-3.9607,-3.7587
-4.3193,1.6442,-3.9696,-3.7395
-4.3373,1.6409,-3.9785,-3.7201
-4.3554,1.6376,-3.9875,-3.7007
-4.3736,1.6342,-3.9965,-3.6813
-4.3919,1.6309,-4.0055,-3.6617
-4.4103,1.6275,-4.0146,-3.6421
-4.4287,1.6241,-4.0236,-3.6224
-4.4472,1.6208,-4.0327,-3.6027
-4.4658,1.6174,-4.0419,-3.583
-4.4844,1.614,-4.051,-3.5632
-4.5022,1.6115,-4.0598,-3.543
-4.5199,1.6091,-4.0684,-3.5226
-4.5376,1.6068,-4.0772,-3.5023
-4.5555,1.6044,-4.0859,-3.4819
-4.5734,1.6021,-4.0947,-3.4616
-4.5914,1.5997,-4.1035,-3.4413
-4.6095,1.5973,-4.1123,-3.4209
-4.6276,1.5949,-4.1212,-3.4006
-4.6459,1.5927,-4.13,-3.3803
-4.6642,1.5904,-4.1389,-3.3601
-4.6826,1.5882,-4.1479,-3.3399
-4.7011,1.5859,-4.1568,-3.3197
-4.7189,1.5844,-4.1655,-3.2993
-4.7367,1.583,-4.1741,-3.2788
-4.7545,1.5816,-4.1827,-3.2584
-4.7725,1.5802,-4.1914,-3.2381
-4.7904,1.5787,-4.2,-3.2179
-4.8083,1.5773,-4.2087,-3.1977
-4.8264,1.5759,-4.217,-3.1776
-4.8444,1.5745,-4.2251,-3.1577
-4.8626,1.573,-4.2332,-3.1378
-4.8809,1.5716,-4.2414,-3.118
-4.8992,1.5702,-4.2496,-3.0983
-4.9177,1.5687,-4.2579,-3.0788
-4.936,1.5675,-4.266,-3.0593
-4.9539,1.567,-4.274,-3.0397
-4.9718,1.5665,-4.282,-3.0202
-4.9899,1.5659,-4.29,-3.0008
-5.008,1.5654,-4.298,-2.9816
-5.0262,1.5649,-4.3061,-2.9626
-5.0446,1.5644,-4.3142,-2.9437
-5.063,1.5639,-4.3223,-2.9249
-5.0814,1.5633,-4.3304,-2.9063
-5.1,1.5628,-4.3386,-2.8879
-5.1187,1.5623,-4.3468,-2.8696
-5.1374,1.5618,-4.355,-2.8515
-5.1561,1.5613,-4.3633,-2.8336
-5.1746,1.5609,-4.3715,-2.8157
-5.1928,1.5608,-4.3795,-2.7979
-5.2111,1.5608,-4.3876,-2.7803
-5.2295,1.5608,-4.3957,-2.7629
-5.248,1.5608,-4.4039,-2.7456
-5.2665,1.5611,-4.412,-2.7285
-5.2852,1.5615,-4.4202,-2.7117
-5.3039,1.5618,-4.4285,-2.695
-5.3228,1.5622,-4.4367,-2.6785
-5.3417,1.5625,-4.445,-2.6622
-5.3607,1.5629,-4.4533,-2.6462
-5.3799,1.5632,-4.4616,-2.6303
-5.3991,1.5636,-4.47,-2.6146
-5.4184,1.5639,-4.4784,-2.5991
-5.4374,1.5645,-4.4866,-2.5837
-5.4566,1.5652,-4.4949,-2.5685
-5.4758,1.5659,-4.5032,-2.5535
-5.4951,1.5666,-4.5116,-2.5387
-5.5145,1.5673,-4.5199,-2.5241
-5.5337,1.568,-4.5283,-2.5098
-5.5529,1.5687,-4.5367,-2.4956
-5.5722,1.5695,-4.5452,-2.4816
-5.5917,1.571,-4.5537,-2.4679
-5.6112,1.5725,-4.5622,-2.4544
-5.6308,1.574,-4.5707,-2.441
-5.6505,1.5755,-4.5793,-2.4279
-5.6703,1.577,-4.5878,-2.415
-5.6902,1.5785,-4.5965,-2.4023
-5.71,1.5802,-4.6044,-2.3897
-5.7299,1.5818,-4.6121,-2.3774
-5.7499,1.5835,-4.6199,-2.3652
-5.77,1.5852,-4.6277,-2.3532
-5.7902,1.5869,-4.6355,-2.3414
-5.8105,1.5887,-4.6434,-2.3299
-5.8309,1.5904,-4.6513,-2.3185
-5.8515,1.5921,-4.6592,-2.3073
-5.8721,1.5938,-4.6672,-2.2964
-5.8928,1.5955,-4.6751,-2.2856
-5.9136,1.5972,-4.6831,-2.275
-5.9342,1.599,-4.6912,-2.2646
-5.9544,1.6007,-4.6992,-2.2543
-5.9748,1.6024,-4.7073,-2.2443
-5.9953,1.6042,-4.7154,-2.2344
-6.0158,1.606,-4.7235,-2.2247
-6.0364,1.6078,-4.7317,-2.2152
-6.0572,1.6096,-4.7399,-2.2058
-6.078,1.6114,-4.7481,-2.1966
-6.099,1.6132,-4.7563,-2.1876
-6.1201,1.615,-4.7646,-2.1787
-6.1413,1.6168,-4.7729,-2.17
-6.1626,1.6186,-4.7812,-2.1615
-6.184,1.6204,-4.7896,-2.1531
-6.2055,1.6222,-4.798,-2.1448
-6.2272,1.624,-4.8064,-2.1367
-6.2489,1.6258,-4.8149,-2.1287
-6.2708,1.6283,-4.8233,-2.1209
-6.2928,1.6316,-4.8319,-2.1132
-6.315,1.6348,-4.8404,-2.1057
-6.3374,1.6379,-4.8491,-2.0983
-6.3598,1.6411,-4.8577,-2.091
-6.3824,1.6443,-4.8664,-2.0839
-6.4051,1.6475,-4.8751,-2.0768
-6.4279,1.6508,-4.8838,-2.0699
-6.4509,1.654,-4.8926,-2.0631
-6.474,1.6572,-4.9014,-2.0564
-6.4972,1.6604,-4.9103,-2.0498
-6.5205,1.6636,-4.9191,-2.0433
-6.544,1.6668,-4.9281,-2.0368
-6.5676,1.6701,-4.937,-2.0305
-6.5913,1.6733,-4.946,-2.0243
-6.6152,1.6765,-4.955,-2.0181
-6.6392,1.6797,-4.964,-2.012
-6.6636,1.6828,-4.9732,-2.0061
-6.6882,1.6858,-4.9824,-2.0002
-6.7128,1.6889,-4.9917,-1.9944
-6.7376,1.6919,-5.001,-1.9887
-6.7626,1.695,-5.0095,-1.983
-6.7877,1.698,-5.0178,-1.9774
-6.8129,1.7011,-5.0261,-1.9718
-6.8383,1.7042,-5.0344,-1.9663
-6.8637,1.7072,-5.0428,-1.9608
-6.8878,1.7103,-5.0512,-1.9553
-6.9121,1.7134,-5.0596,-1.9499
-6.9365,1.7164,-5.0681,-1.9445
-6.9611,1.7195,-5.0766,-1.9392
-6.9858,1.7226,-5.0852,-1.9339
-7.0107,1.7256,-5.0938,-1.9286
-7.036,1.7285,-5.1025,-1.9234
-7.0616,1.7315,-5.1113,-1.9183
-7.0873,1.7362,-5.1202,-1.9131
-7.1132,1.7409,-5.129,-1.908
-7.1392,1.7456,-5.138,-1.9029
-7.1654,1.7503,-5.1469,-1.8978
-7.1918,1.755,-5.1559,-1.8927
-7.2183,1.7597,-5.1649,-1.8876
-7.2449,1.7644,-5.174,-1.8825
-7.2718,1.7691,-5.1831,-1.8774
-7.2987,1.7738,-5.1922,-1.8723
-7.3259,1.7785,-5.2014,-1.8671
-7.3532,1.7832,-5.2106,-1.862
-7.3807,1.7879,-5.2199,-1.8568
-7.4083,1.7926,-5.2291,-1.8516
-7.4363,1.7973,-5.2385,-1.8464
-7.4649,1.8016,-5.2481,-1.8414
-7.4936,1.8058,-5.2577,-1.8363
-7.5226,1.8101,-5.2674,-1.8312
-7.5517,1.8144,-5.2771,-1.8261
-7.581,1.8187,-5.2869,-1.8209
-7.6105,1.823,-5.2967,-1.8158
-7.6402,1.8273,-5.3065,-1.8105
-7.6701,1.8316,-5.3164,-1.8053
-7.7001,1.8359,-5.3263,-1.8
-7.7304,1.8402,-5.3362,-1.7947
-7.7608,1.8445,-5.3462,-1.7893
-7.7914,1.8488,-5.3562,-1.7839
-7.8223,1.8531,-5.3663,-1.7785
-7.8533,1.8574,-5.3764,-1.773
-7.8845,1.8617,-5.3866,-1.7675
-7.9163,1.8657,-5.3969,-1.7621
-7.9492,1.8692,-5.4077,-1.7573
-7.9823,1.8726,-5.4184,-1.7528
-8.0157,1.8769,-5.4293,-1.7483
-8.0492,1.8828,-5.4401,-1.7438
-8.0815,1.8886,-5.451,-1.7393
-8.1131,1.8945,-5.462,-1.7347
-8.145,1.9004,-5.4717,-1.7302
-8.177,1.9063,-5.4814,-1.7257
-8.2093,1.9121,-5.4911,-1.7212
-8.2417,1.918,-5.5008,-1.7169
-8.2743,1.9238,-5.5106,-1.7136
-8.3071,1.9297,-5.5204,-1.7103
-8.3401,1.9355,-5.5302,-1.7069
-8.3733,1.9413,-5.5401,-1.7036
-8.4066,1.9472,-5.55,-1.7003
-8.4402,1.953,-5.56,-1.6969
-8.474,1.9588,-5.57,-1.6936
-8.508,1.9646,-5.5801,-1.6903
-8.5422,1.9705,-5.5901,-1.6869
-8.5765,1.9763,-5.6003,-1.6839
-8.6111,1.9821,-5.6104,-1.6816
-8.6459,1.9879,-5.6206,-1.6792
-8.6809,1.9937,-5.6309,-1.6768
-8.7162,1.9995,-5.6412,-1.6745
-8.7516,2.0053,-5.6515,-1.6721
-8.7872,2.0111,-5.6619,-1.6697
-8.8231,2.0169,-5.6723,-1.6674
-8.8592,2.0226,-5.6828,-1.665
-8.8955,2.0284,-5.6933,-1.6626
-8.932,2.0342,-5.7038,-1.6602
-8.9688,2.04,-5.7144,-1.6586
-9.0058,2.0458,-5.7251,-1.657
-9.0453,2.0502,-5.7366,-1.6561
-9.0852,2.0545,-5.7482,-1.6552
-9.1255,2.0588,-5.7599,-1.6543
-9.166,2.0647,-5.7717,-1.6534
-9.2067,2.0719,-5.7835,-1.6525
-9.2477,2.0791,-5.7953,-1.6515
-9.289,2.0862,-5.8073,-1.6506
-9.3305,2.0934,-5.8192,-1.6497
-9.3723,2.1006,-5.8312,-1.6488
-9.4144,2.1078,-5.8433,-1.6486
-9.4567,2.1149,-5.8554,-1.6483
-9.4993,2.1221,-5.8675,-1.6481
-9.5422,2.1293,-5.8797,-1.6478
-9.5854,2.1364,-5.892,-1.6476
-9.6283,2.1436,-5.9043,-1.6473
-9.6686,2.1507,-5.9167,-1.6471
-9.7092,2.1579,-5.9291,-1.6468
-9.7501,2.165,-5.9416,-1.6466
-9.7913,2.1722,-5.9541,-1.6463
-9.8327,2.1793,-5.9667,-1.6461
-9.8744,2.1865,-5.9794,-1.6461
-9.9163,2.1937,-5.9921,-1.6464
-9.9586,2.2008,-6.0041,-1.6466
-10.001,2.208,-6.0151,-1.6469
-10.044,2.2151,-6.0261,-1.6472
-10.087,2.2223,-6.0371,-1.6475
-10.13,2.2294,-6.0482,-1.6478
-10.174,2.2366,-6.0594,-1.6481
-10.218,2.2437,-6.0706,-1.6483
-10.262,2.2509,-6.0819,-1.6486
-10.307,2.2581,-6.0932,-1.6489
-10.351,2.2652,-6.1045,-1.6492
-10.397,2.2721,-6.1161,-1.6498
-10.446,2.2774,-6.1289,-1.6514
-10.496,2.2826,-6.1417,-1.653
-10.546,2.2879,-6.1545,-1.6546
-10.596,2.2936,-6.1675,-1.6562
-10.646,2.3022,-6.1805,-1.6577
-10.697,2.3109,-6.1935,-1.6593
-10.748,2.3195,-6.2066,-1.6609
-10.8,2.3281,-6.2198,-1.6625
-10.852,2.3368,-6.233,-1.6641
-10.904,2.3454,-6.2463,-1.6657
-10.957,2.3541,-6.2596,-1.6672
-11.01,2.3627,-6.273,-1.6689
-11.064,2.3714,-6.2865,-1.6708
-11.118,2.38,-6.3,-1.6727
-11.172,2.3887,-6.3136,-1.6747
-11.226,2.3973,-6.3273,-1.6766
-11.281,2.406,-6.341,-1.6785
-11.337,2.4147,-6.3548,-1.6804
-11.393,2.4233,-6.3687,-1.6823
-11.449,2.432,-6.3826,-1.6843
-11.506,2.4407,-6.3966,-1.6862
-11.563,2.4494,-6.4106,-1.6881
-11.62,2.4581,-6.4247,-1.69
-11.676,2.4668,-6.4389,-1.6919
-11.729,2.4755,-6.4531,-1.694
-11.783,2.4842,-6.4675,-1.6962
-11.837,2.4929,-6.4818,-1.6983
-11.891,2.5016,-6.4963,-2.9001
-11.946,2.5104,-6.5108,-2.9104
-12.002,2.5191,-6.5254,-2.9207
-12.058,2.5278,-6.5401,-2.9311
-12.114,2.5366,-6.5548,-2.9414
-12.171,2.5448,-6.57,-2.9521
-12.234,2.5512,-6.5866,-2.9637
-12.297,2.5575,-6.6033,-2.9753
-12.36,2.5638,-6.6201,-2.9869
-12.424,2.5702,-6.6366,-2.9986
-12.488,2.5777,-6.6511,-3.0104
-12.553,2.588,-6.6657,-3.0221
-12.618,2.5984,-6.6803,-3.034
-12.684,2.6088,-6.695,-3.0458
-12.75,2.6191,-6.7098,-3.0577
-12.817,2.6295,-6.7246,-3.0697
-12.885,2.6399,-6.7395,-3.0816
-12.953,2.6503,-6.7545,-3.0937
-13.021,2.6607,-6.7696,-3.1065
-13.09,2.6712,-6.7847,-3.1224
-13.16,2.6816,-6.8,-3.1384
-13.23,2.6921,-6.8153,-3.1544
-13.3,2.7025,-6.8306,-3.1705
-13.372,2.713,-6.8461,-3.1866
-13.443,2.7235,-6.8616,-3.2028
-13.516,2.7339,-6.8772,-3.2191
-13.589,2.7445,-6.8929,-3.2354
-13.662,2.755,-6.9087,-3.2518
-13.737,2.7655,-6.9246,-3.2682
-13.811,2.776,-6.9405,-3.2847
-13.887,2.7866,-6.9565,-3.3012
-13.963,2.7972,-6.9726,-3.3178
-14.039,2.8077,-6.9888,-3.3345
-14.117,2.8183,-7.005,-3.3512
-14.195,2.8289,-7.0214,-3.368
-14.273,2.8396,-7.0378,-3.3849
-14.353,2.8502,-7.0544,-3.4018
-14.426,2.8609,-7.071,-3.4188
-14.502,2.8704,-7.0885,-3.4363
-14.584,2.8781,-7.1076,-3.4549
-14.666,2.8857,-7.1268,-3.4735
-14.749,2.8934,-7.1461,-3.4921
-14.833,2.9011,-7.1655,-3.5108
-14.917,2.9088,-7.185,-3.5324
-15.002,2.9174,-7.2047,-3.5554
-15.088,2.9299,-7.2244,-3.5785
-15.174,2.9424,-7.2442,-3.6016
-15.262,2.9549,-7.2642,-3.6248
-15.35,2.9674,-7.2842,-3.6481
-15.439,2.98,-7.3044,-3.6715
-15.528,2.9925,-7.3246,-3.695
-15.619,3.0051,-7.345,-3.7185
-15.71,3.0177,-7.3655,-3.7422
-15.802,3.0304,-7.3861,-3.7659
-15.895,3.043,-7.4068,-3.7898
-15.989,3.0557,-7.4283,-3.8137
-16.083,3.0684,-7.4508,-3.8377
-16.179,3.0811,-7.4734,-3.8618
-16.275,3.0938,-7.4961,-3.886
-16.372,3.1066,-7.519,-3.9102
-16.47,3.1194,-7.542,-3.9346
-16.569,3.1322,-7.5651,-3.9591
-16.669,3.145,-7.5883,-3.9836
-16.77,3.1579,-7.6117,-4.0083
-16.872,3.1707,-7.6352,-4.033
-16.974,3.1837,-7.6589,-4.0578
-17.078,3.1966,-7.6826,-4.0828
-17.183,3.2095,-7.7065,-4.1115
-17.289,3.2225,-7.7306,-4.141
-17.395,3.2355,-7.7548,-4.1707
-17.503,3.2486,-7.7791,-4.2004
-17.62,3.2586,-7.806,-4.2318
-17.741,3.2679,-7.8337,-4.2636
-17.862,3.2772,-7.8616,-4.2955
-17.985,3.2866,-7.8895,-4.3275
-18.109,3.2959,-7.9177,-4.3597
-18.229,3.3053,-7.946,-4.392
-18.345,3.3147,-7.9745,-4.4244
-18.462,3.324,-8.0032,-4.457
-18.58,3.3308,-8.032,-4.4896
-18.699,3.3376,-8.061,-4.5224
-18.82,3.3445,-8.0946,-4.5554
-18.941,3.3513,-8.1309,-4.5884
-19.064,3.3582,-8.1674,-4.6216
-19.188,3.3651,-8.2042,-4.6549
-19.313,3.3721,-8.2411,-4.6883
-19.44,3.379,-8.2783,-4.7219
-19.568,3.386,-8.3157,-4.7556
-19.697,3.393,-8.3534,-4.7895
-19.828,3.4,-8.3912,-4.8234
-19.96,3.407,-8.4293,-4.8606
-20.093,3.414,-8.4677,-4.8996
-20.227,3.4211,-8.5062,-4.9387
-20.364,3.4282,-8.5451,-4.978
-20.501,3.4353,-8.5841,-5.0175
-20.64,3.4424,-8.6234,-5.0571
-20.78,3.4495,-8.6629,-5.0969
-20.922,3.4567,-8.7027,-5.1368
-21.066,3.4639,-8.7428,-5.1769
-21.211,3.4633,-8.7831,-5.2172
-21.357,3.4593,-8.8236,-5.2576
-21.505,3.4554,-8.8644,-5.2982
-21.655,3.4515,-8.9055,-5.3389
-21.817,3.444,-8.9497,-5.3815
-21.985,3.4354,-8.9953,-5.4249
-22.155,3.4267,-9.0412,-5.4685
-22.326,3.418,-9.0926,-5.5122
-22.5,3.4092,-9.1469,-5.5561
-22.675,3.4005,-9.2015,-5.6002
-22.852,3.3917,-9.2565,-5.6444
-23.031,3.3829,-9.3118,-5.6889
-23.213,3.3741,-9.3675,-5.7335
-23.396,3.3652,-9.4236,-5.7786
-23.581,3.3564,-9.48,-5.8287
-23.761,3.3474,-9.5367,-5.8789
-23.936,3.3385,-9.5938,-5.9294
-24.112,3.3295,-9.6512,-5.98
-24.291,3.3204,-9.709,-6.0308
-24.472,3.3114,-9.7671,-6.0818
-24.656,3.2952,-9.8256,-6.133
-24.842,3.2742,-9.8845,-6.1844
-25.03,3.253,-9.9437,-6.236
-25.22,3.2318,-10.003,-6.2878
-25.413,3.2105,-10.063,-6.3397
-25.609,3.1891,-10.124,-6.3919
-25.807,3.1677,-10.184,-6.4443
-26.007,3.1461,-10.245,-6.4968
-26.21,3.1245,-10.307,-6.5496
-26.416,3.1028,-10.369,-6.6026
-26.625,3.081,-10.431,-6.6558
-26.836,3.0591,-10.498,-6.7092
-27.05,3.0371,-10.569,-6.7628
-27.268,3.0151,-10.642,-6.8166
-27.487,2.9929,-10.714,-6.8706
-27.716,2.9691,-10.789,-6.9256
-27.962,2.941,-10.868,-6.9878
-28.212,2.9127,-10.947,-7.0507
-28.465,2.8843,-11.027,-7.1139
-28.721,2.8532,-11.107,-7.1774
-28.981,2.8118,-11.188,-7.2411
-29.244,2.7703,-11.269,-7.305
-29.511,2.7286,-11.351,-7.3692
-29.781,2.6868,-11.434,-7.4336
-30.055,2.6449,-11.516,-7.4983
-30.333,2.6028,-11.6,-7.5632
-30.614,2.5606,-11.684,-7.6284
-30.9,2.5183,-11.769,-7.6939
-31.189,2.4758,-11.854,-7.7596
-31.483,2.4333,-11.939,-7.8256
-31.78,2.3905,-12.026,-7.8918
-32.081,2.3477,-12.112,-7.9583
-32.393,2.3048,-12.2,-8.0251
-32.713,2.2617,-12.288,-8.0921
-33.038,2.2185,-12.376,-8.1594
-33.366,2.1751,-12.473,-8.227
-33.7,2.1317,-12.572,-8.2948
-34.037,2.0882,-12.672,-8.3631
-34.38,2.0357,-12.773,-8.4372
-34.727,1.978,-12.875,-8.5116
-35.079,1.9203,-12.977,-8.5863
-35.436,1.8623,-13.08,-8.6614
-35.798,1.8043,-13.183,-8.7367
-36.165,1.746,-13.287,-8.8123
-36.537,1.6876,-13.392,-8.8883
-36.915,1.6291,-13.498,-8.9645
-37.293,1.5715,-13.603,-9.0406
-37.669,1.516,-13.707,-9.1158
-38.05,1.4604,-13.812,-9.1913
-38.437,1.4046,-13.917,-9.2672
-38.829,1.3487,-14.023,-9.3434
-39.227,1.2926,-14.13,-9.4199
-39.63,1.2364,-14.237,-9.4967
-40.051,1.1801,-14.346,-9.5738
-40.51,1.1237,-14.455,-9.6513
-40.974,1.0672,-14.565,-9.7291
-41.445,0.99846,-14.675,-9.8072
-41.921,-14.787,0.92691,-9.8856
-42.404,-14.905,0.8552,-9.9644
-42.892,-15.029,0.78335,-10.046
-43.387,-15.154,0.71134,-10.131
-43.888,-15.279,0.63918,-10.217
-44.396,-15.405,0.56688,-10.303
-44.909,-15.532,0.49443,-10.39
-45.423,-15.659,0.42353,-10.476
-45.899,-15.774,0.3648,-10.556
-46.382,-15.89,0.30596,-10.637
-46.872,-16.007,0.247,-10.718
-47.368,-16.125,0.18793,-10.799
-47.871,-16.244,0.12875,-10.881
-48.382,-16.363,0.069463,-10.963
-48.899,-16.484,0.010071,-11.045
-49.423,-16.605,-0.049424,-11.128
-49.955,-16.727,-0.11993,-11.211
-50.51,-16.85,-0.19526,-11.294
-51.099,-16.974,-0.27073,-11.378
-51.695,-17.099,-0.34633,-11.462
-52.297,-17.225,-0.42206,-11.547
-52.906,-17.352,-0.4979,-11.632
-53.521,-17.479,-0.57387,-11.717
-54.143,-17.608,-0.64995,-11.803
-54.772,-17.749,-0.72614,-11.895
-55.393,-17.888,-0.79818,-11.986
-55.987,-18.016,-0.85999,-12.072
-56.589,-18.146,-0.9219,-12.158
-57.198,-18.277,-0.98389,-12.244
-57.815,-18.408,-1.046,-12.331
-58.439,-18.541,-1.1081,-12.418
-59.07,-18.674,-1.1704,-12.506
-59.709,-18.809,-1.2366,-12.594
-60.355,-18.945,-1.3154,-12.683
-61.008,-19.081,-1.3944,-12.772
-61.668,-19.219,-1.4735,-12.861
-62.335,-19.358,-1.5527,-12.951
-63.01,-19.498,-1.6319,-13.041
-63.727,-19.639,-1.7113,-13.131
-64.45,-19.781,-1.7908,-13.222
-65.177,-19.924,-1.8703,-13.314
-65.909,-20.068,-1.9499,-13.405
-66.646,-20.213,-2.0296,-13.498
-67.356,-20.346,-2.0965,-13.583
-68.066,-20.477,-2.1612,-13.668
-68.782,-20.61,-2.226,-13.759
-69.504,-20.755,-2.2908,-13.852
-70.231,-20.903,-2.3557,-13.945
-70.964,-21.052,-2.4272,-14.038
-71.702,-21.202,-2.5094,-14.132
-72.445,-21.353,-2.5917,-14.227
-73.192,-21.506,-2.6741,-14.322
-73.943,-21.659,-2.7565,-14.417
-74.698,-21.814,-2.839,-14.513
-75.457,-21.971,-2.9216,-14.609
-76.218,-22.128,-3.0042,-14.706
-76.982,-22.287,-3.0869,-14.803
-77.749,-22.447,-3.1696,-14.9
-78.534,-22.609,-3.2523,-14.998
-79.316,-22.771,-3.3351,-15.097
-80.08,-22.922,-3.4059,-15.189
-80.837,-23.069,-3.4731,-15.28
-81.589,-23.218,-3.5404,-15.372
-82.335,-23.368,-3.6096,-15.463
-83.071,-23.52,-3.6949,-15.556
-83.793,-23.672,-3.7802,-15.648
-84.493,-23.826,-3.8656,-15.747
-85.161,-23.985,-3.951,-15.848
-85.781,-24.156,-4.0364,-15.95
-86.327,-24.329,-4.1218,-16.051
-86.76,-24.503,-4.2073,-16.154
-87.031,-24.679,-4.2928,-16.257
-87.094,-24.856,-4.3783,-16.36
-86.936,-25.035,-4.4638,-16.464
-86.588,-25.215,-4.5494,-16.569
-86.101,-25.397,-4.6349,-16.674
-85.521,-25.579,-4.7195,-16.779
-84.877,-25.744,-4.789,-16.876
-84.195,-25.911,-4.8652,-16.973
-83.487,-26.079,-4.9532,-17.071
-82.761,-26.249,-5.0413,-17.169
-82.022,-26.421,-5.1294,-17.268
-81.276,-26.593,-5.2175,-17.367
-80.525,-26.768,-5.3056,-17.467
-79.77,-26.944,-5.3936,-17.568
-79.014,-27.121,-5.4817,-17.669
-78.258,-27.301,-5.5697,-17.77
-77.503,-27.482,-5.6578,-17.88
-76.749,-27.665,-5.7457,-17.991
-75.998,-27.866,-5.8337,-18.101
-75.25,-28.068,-5.9216,-18.213
-74.505,-28.272,-6.0095,-18.325
-73.765,-28.478,-6.0996,-18.438
-73.009,-28.671,-6.1953,-18.544
-72.247,-28.859,-6.2858,-18.648
-71.488,-29.049,-6.3763,-18.753
-70.75,-29.241,-6.4668,-18.858
-70.025,-29.434,-6.5572,-18.963
-69.306,-29.63,-6.6476,-19.069
-68.593,-29.827,-6.7379,-19.176
-67.885,-30.026,-6.8282,-19.284
-67.184,-30.227,-6.9184,-19.392
-66.489,-30.43,-7.0086,-19.5
-65.8,-30.635,-7.0987,-19.61
-65.118,-30.841,-7.1887,-19.72
-64.443,-31.05,-7.2787,-19.83
-63.774,-31.261,-7.3753,-19.941
-63.112,-31.473,-7.4847,-20.056
-62.457,-31.688,-7.5941,-20.177
-61.781,-31.896,-7.6925,-20.291
-61.094,-32.11,-7.785,-20.402
-60.413,-32.326,-7.8774,-20.514
-59.737,-32.543,-7.9698,-20.626
-59.067,-32.763,-8.062,-20.739
-58.407,-32.986,-8.1542,-20.853
-57.792,-33.21,-8.2463,-20.967
-57.183,-33.436,-8.3383,-21.083
-56.582,-33.665,-8.4302,-21.198
-55.988,-33.896,-8.522,-21.315
-55.402,-34.13,-8.6138,-21.432
-54.823,-34.365,-8.7254,-21.55
-54.251,-34.603,-8.8369,-21.668
-53.686,-34.844,-8.9483,-21.788
-53.129,-35.087,-9.0595,-21.908
-52.578,-35.332,-9.1706,-22.029
-51.983,-35.556,-9.2656,-22.139
-51.39,-35.78,-9.3595,-22.25
-50.804,-36.008,-9.4533,-22.361
-50.224,-36.237,-9.547,-22.478
-49.65,-36.471,-9.6406,-22.595
-49.082,-36.725,-9.7341,-22.714
-48.52,-36.982,-9.8274,-22.833
-47.964,-37.242,-9.922,-22.953
-47.465,-37.504,-10.035,-23.073
-46.973,-37.769,-10.149,-23.194
-46.488,-38.037,-10.262,-23.317
-46.009,-38.307,-10.374,-23.44
-45.535,-38.581,-10.487,-23.563
-45.066,-38.858,-10.599,-23.688
-44.603,-39.139,-10.712,-23.813
-44.111,-39.407,-10.814,-23.933
-43.596,-39.667,-10.909,-24.048
-43.085,-39.931,-11.003,-24.163
-42.58,-40.197,-11.097,-24.279
-42.079,-40.467,-11.192,-24.396
-41.582,-40.74,-11.295,-24.514
-41.09,-41.017,-11.409,-24.633
-40.603,-41.298,-11.522,-24.753
-40.121,-41.582,-11.636,-24.875
-39.643,-41.874,-11.749,-24.997
-39.184,-42.187,-11.863,-25.12
-38.77,-42.504,-11.976,-25.244
-38.361,-42.825,-12.088,-25.369
-37.957,-43.151,-12.201,-25.495
-37.558,-43.48,-12.314,-25.621
-37.128,-43.797,-12.416,-25.741
-36.673,-44.105,-12.511,-25.856
-36.224,-44.418,-12.606,-25.972
-35.778,-44.734,-12.71,-26.089
-35.338,-45.055,-12.815,-26.206
-34.901,-45.38,-12.919,-26.325
-34.47,-45.71,-13.024,-26.444
-34.042,-46.044,-13.129,-26.564
-33.62,-46.382,-13.235,-26.685
-33.201,-46.726,-13.34,-26.806
-32.787,-47.074,-13.445,-26.929
-32.377,-47.426,-13.551,-27.053
-31.972,-47.784,-13.656,-27.178
-31.624,-48.146,-13.762,-27.304
-31.282,-48.53,-13.868,-27.431
-30.883,-48.895,-13.957,-27.546
-30.484,-49.265,-14.045,-27.661
-30.09,-49.64,-14.133,-27.776
-29.7,-50.02,-14.222,-27.892
-29.314,-50.405,-14.311,-28.01
-28.933,-50.796,-14.399,-28.128
-28.555,-51.193,-14.488,-28.247
-28.182,-51.595,-14.578,-28.366
-27.812,-52.003,-14.667,-28.487
-27.446,-52.416,-14.756,-28.609
-27.085,-52.836,-14.846,-28.731
-26.727,-53.262,-14.936,-28.855
-26.373,-53.693,-15.026,-28.979
-26.023,-54.131,-15.116,-29.105
-25.633,-54.55,-15.193,-29.219
-25.281,-54.967,-15.265,-29.331
-24.932,-55.39,-15.338,-29.444
-24.587,-55.82,-15.411,-29.558
-24.246,-56.269,-15.484,-29.674
-23.908,-56.737,-15.557,-29.79
-23.574,-57.212,-15.63,-29.907
-23.244,-57.693,-15.704,-30.025
-22.917,-58.181,-15.778,-30.144
-22.594,-58.677,-15.852,-30.264
-22.274,-59.179,-15.927,-30.385
-21.958,-59.689,-16.001,-30.506
-21.646,-60.206,-16.076,-30.629
-21.336,-60.73,-16.151,-30.753
-20.973,-61.231,-16.21,-30.862
-20.608,-61.736,-16.267,-30.971
-20.246,-62.249,-16.325,-31.081
-19.919,-62.77,-16.382,-31.192
-19.616,-63.299,-16.44,-31.303
-19.317,-63.837,-16.498,-31.416
-19.021,-64.382,-16.557,-31.529
-18.729,-64.936,-16.616,-31.643
-18.439,-65.498,-16.675,-31.759
-18.152,-66.086,-16.734,-31.877
-17.869,-66.689,-16.794,-31.995
-17.589,-67.3,-16.854,-32.115
-17.311,-67.919,-16.914,-32.235
-17.012,-68.533,-32.35,-16.967
-16.68,-69.137,-32.454,-17.009
-16.351,-69.749,-32.559,-17.051
-16.025,-70.37,-32.666,-17.094
-15.703,-71.001,-32.773,-17.137
-15.384,-71.64,-32.881,-17.18
-15.091,-72.289,-32.99,-17.224
-14.828,-72.947,-33.1,-17.268
-14.567,-73.614,-33.211,-17.312
-14.31,-74.29,-33.323,-17.356
-14.055,-74.975,-33.436,-17.401
-13.803,-75.67,-33.55,-17.446
-13.553,-76.373,-33.665,-17.492
-13.293,-77.079,-33.776,-17.533
-12.99,-77.774,-33.874,-17.56
-12.69,-78.488,-33.972,-17.587
-12.393,-79.212,-34.071,-17.615
-12.099,-79.945,-34.171,-17.643
-11.808,-80.687,-34.272,-17.671
-81.439,-11.519,-34.374,-17.7
-82.199,-11.233,-34.477,-17.729
-82.969,-10.951,-34.581,-17.758
-83.747,-10.704,-34.686,-17.788
-84.533,-10.474,-34.792,-17.817
-85.327,-10.246,-34.899,-17.848
-86.126,-10.021,-35.006,-17.879
-86.925,-9.7879,-35.111,-17.906
-87.714,-9.5385,-35.21,-17.927
-88.485,-9.2909,-35.31,-17.949
-89.154,-9.0452,-35.411,-17.97
-89.275,-8.8012,-35.512,-17.992
-88.669,-8.5589,-35.614,-18.014
-87.879,-8.3185,-35.717,-18.036
-87.042,-8.0797,-35.82,-18.058
-86.185,-7.8427,-35.924,-18.08
-85.314,-7.6074,-36.03,-18.102
-84.432,-7.3738,-36.137,-18.124
-83.543,-7.1534,-36.246,-18.147
-82.645,-6.9681,-36.355,-18.17
-81.741,-6.7841,-36.465,-18.193
-80.83,-6.6014,-36.576,-18.216
-79.914,-6.4199,-36.687,-18.239
-78.993,-6.2396,-36.8,-18.262
-78.067,-6.0606,-36.914,-18.285
-77.137,-5.8827,-37.028,-18.309
-76.203,-5.706,-37.144,-18.333
-75.266,-5.5305,-37.26,-18.356
-74.326,-5.3561,-37.377,-18.38
-73.383,-5.1828,-37.495,-18.404
-72.439,-5.0107,-37.614,-18.429
-71.494,-4.8396,-37.735,-18.453
-70.548,-4.6696,-37.856,-18.478
-69.602,-4.5037,-37.978,-18.502
-68.656,-4.3597,-38.101,-18.527
-67.711,-4.2165,-38.225,-18.552
-66.767,-4.074,-38.351,-18.577
-65.825,-3.9324,-38.477,-18.602
-64.884,-3.7914,-38.604,-18.627
-63.947,-3.6513,-38.733,-18.653
-63.013,-3.5118,-38.862,-18.678
-62.082,-3.3731,-38.993,-18.704
-61.155,-3.235,-39.125,-18.729
-60.232,-3.0976,-39.258,-18.755
-59.314,-2.9609,-39.392,-18.781
-58.402,-2.8249,-39.527,-18.807
-57.494,-2.6894,-39.663,-18.833
-56.593,-2.5558,-39.801,-18.859
-55.698,-2.4264,-39.94,-18.886
-54.81,-2.2975,-40.08,-18.912
-53.93,-2.1692,-40.221,-18.938
-53.056,-2.0413,-40.364,-18.965
-52.191,-1.914,-40.508,-18.991
-51.332,-1.7872,-40.653,-19.018
-50.482,-1.6608,-40.799,-19.045
-49.641,-1.5349,-40.947,-19.071
-48.807,-1.4095,-41.096,-19.098
-47.982,-1.2845,-41.248,-19.125
-47.166,-1.16,-41.402,-19.152
-46.358,-1.0359,-41.556,-19.179
-45.56,-0.91221,-41.713,-19.206
-44.77,-0.78909,-41.871,-19.233
-43.99,-0.67012,-42.03,-19.26
-43.219,-0.5515,-42.191,-19.287
-42.457,-0.43321,-42.353,-19.314
-41.705,-0.31526,-42.517,-19.341
-40.962,-0.19761,-42.682,-19.368
-40.228,-0.080285,-42.849,-19.395
-39.507,0.036746,-43.018,-19.423
-38.795,0.15349,-43.188,-19.45
-38.092,0.26993,-43.36,-19.477
-37.399,0.38612,-43.534,-19.504
-36.715,0.50202,-43.71,-19.531
-36.041,0.61768,-43.887,-19.558
-35.376,0.73307,-44.066,-19.585
-34.72,0.84822,-44.247,-19.612
-34.073,0.96147,-44.429,-19.639
-33.436,1.0729,-44.614,-19.666
-32.807,1.1842,-44.801,-19.692
-32.188,1.2953,-44.989,-19.719
-31.577,1.4061,-45.18,-19.746
-30.975,1.5168,-45.372,-19.772
-30.382,1.6274,-45.567,-19.799
-29.798,1.7377,-45.763,-19.825
-29.221,1.8479,-45.962,-19.852
-28.654,1.9579,-46.163,-19.878
-28.094,2.0678,-46.366,-19.904
-27.543,2.1775,-46.572,-19.931
-26.999,2.287,-46.78,-19.957
-26.464,2.3964,-46.99,-19.983
-25.936,2.5057,-47.202,-20.008
-25.416,2.6122,-47.417,-20.034
-24.904,2.7174,-47.635,-20.06
-24.399,2.8225,-47.855,-20.085
-23.901,2.9275,-48.077,-20.11
-23.411,3.0324,-48.302,-20.136
-22.928,3.1372,-48.53,-20.161
-22.451,3.2419,-48.762,-20.186
-21.982,3.3465,-48.997,-20.21
-21.519,3.451,-49.234,-20.235
-21.063,-49.474,3.5554,-20.259
-20.614,-49.718,3.6598,-20.284
-20.17,-49.964,3.764,-20.308
-19.734,-50.214,3.8681,-20.332
-19.303,-50.467,3.9722,-20.356
-18.878,-50.723,4.0761,-20.379
-18.461,-50.983,4.1799,-20.403
-18.052,-51.246,4.2832,-20.426
-17.65,-51.512,4.3863,-20.449
-17.254,-51.782,4.489,-20.472
-16.865,-52.056,4.5914,-20.494
-16.482,-52.334,4.6934,-20.517
-52.615,-16.104,4.7952,-20.539
-52.901,-15.733,4.8966,-20.561
-53.19,-15.367,4.9977,-20.583
-53.484,-15.007,5.0985,-20.605
-53.781,-14.652,5.1991,-20.626
-54.084,-14.303,5.2993,-20.647
-54.39,-13.959,5.3992,-20.668
-54.701,-13.62,5.4989,-20.689
-55.017,-13.286,5.5982,-20.71
-55.338,-12.957,5.6965,-20.73
-55.664,-12.633,5.7918,-20.75
-55.994,-12.313,5.8869,-20.77
-56.33,-11.998,5.9818,-20.789
-56.671,-11.688,6.0764,-20.808
-57.017,-11.382,6.1707,-20.827
-57.369,-11.08,6.2649,-20.846
-57.727,-10.782,6.3587,-20.864
-58.091,-10.489,6.4524,-20.882
-58.46,-10.2,6.5458,-20.9
-58.836,-9.9143,6.6389,-20.918
-59.218,-9.6328,6.7318,-20.935
-59.606,-9.3551,6.8245,-20.952
-60.001,-9.0812,6.917,-20.969
-60.403,-8.8109,7.0092,-20.985
-60.812,-8.5442,7.1012,-21.001
-61.228,-8.281,7.1929,-21.017
-61.652,-8.0213,7.2844,-21.033
-62.083,-7.7649,7.3757,-21.048
-62.522,-7.5118,7.4667,-21.062
-62.969,-7.262,7.5575,-21.077
-63.424,-7.0153,7.6481,-21.091
-63.887,-6.7718,7.7384,-21.105
-64.358,-6.5314,7.8285,-21.118
-64.839,-6.294,7.9184,-21.132
-65.328,-6.0595,8.008,-21.144
-65.827,-5.8295,8.0973,-21.157
-66.335,-5.6024,8.1865,-21.169
-66.852,-5.3781,8.2753,-21.181
-67.379,-5.1565,8.364,-21.192
-67.917,-4.9376,8.4524,-21.203
-68.465,-4.7213,8.5405,-21.214
-69.023,-4.5077,8.6264,-21.224
-69.592,-4.2965,8.7119,-21.234
-70.172,-4.0879,8.7971,-21.244
-70.763,-3.8817,8.8821,-21.253
-71.366,-3.678,8.9668,-21.262
-71.981,9.0513,-3.4766,-21.271
-72.608,9.1355,-3.2775,-21.279
-73.247,9.2195,-3.0808,-21.287
-73.898,9.3032,-2.8863,-21.294
-74.563,9.3867,-2.694,-21.301
-75.24,9.4699,-2.5039,-21.308
-75.931,9.5528,-2.316,-21.314
-76.635,9.6355,-2.1301,-21.32
-77.352,9.7179,-1.9464,-21.325
-78.084,9.8001,-1.7647,-21.33
-78.829,9.8819,-1.5851,-21.335
-79.589,9.9635,-1.4074,-21.339
-80.363,10.045,-1.2317,-21.343
-81.151,10.126,-1.0579,-21.347
-81.954,10.207,-0.88605,-21.35
-82.771,10.287,-0.71606,-21.352
-83.602,10.367,-0.54792,-21.355
-84.447,10.447,-0.3816,-21.356
-85.304,10.527,-0.21709,-21.358
-86.172,10.606,-0.054337,-21.359
-87.046,10.685,0.10666,-21.36
-87.912,10.764,0.26593,-21.36
-88.724,10.842,0.4235,-21.36
-89.209,10.92,0.5794,-21.359
-88.801,10.998,0.73363,-21.358
-87.962,11.075,0.88623,-21.357
-87.022,11.152,-21.355,1.0372
-86.043,11.228,-21.353,1.1866
-85.038,11.303,-21.35,1.3344
-84.013,11.378,-21.347,1.4807
-82.972,11.452,-21.343,1.6247
-81.914,11.527,-21.339,1.7671
-80.842,11.6,-21.335,1.908
-79.757,11.674,-21.33,2.0474
-78.658,11.747,-21.325,2.1854
-77.547,11.82,-21.32,2.3219
-76.426,11.893,-21.314,2.457
-75.293,11.965,-21.307,2.5908
-74.151,12.037,-21.3,2.7231
-72.999,12.108,-21.293,2.854
-71.84,12.179,-21.286,2.9836
-70.673,12.25,-21.278,3.1119
-69.501,12.32,-21.269,3.2388
-68.322,12.39,-21.26,3.3645
-67.14,12.46,-21.251,3.4888
-65.954,12.529,-21.241,3.6118
-64.765,-21.231,12.598,3.7336
-63.576,-21.22,12.666,3.8541
-62.386,-21.21,12.734,3.9734
-61.196,-21.198,12.802,4.0914
-60.009,-21.186,12.869,4.2082
-58.824,-21.174,12.936,4.3238
-57.642,-21.162,13.002,4.4382
-56.466,-21.149,13.068,4.5515
-55.295,-21.135,13.134,4.6635
-54.131,-21.121,13.199,4.7744
-52.975,-21.107,13.264,4.8842
-51.827,-21.093,13.329,4.9928
-50.688,-21.078,13.393,5.1003
-49.56,-21.062,13.456,5.2066
-48.442,-21.047,13.519,5.3119
-47.335,-21.03,13.581,5.416
-46.241,-21.014,13.643,5.5191
-45.159,-20.997,13.704,5.6211
-44.09,-20.98,13.765,5.722
-43.035,-20.962,13.825,5.8218
-41.994,-20.944,13.886,5.9206
-40.968,-20.925,13.945,6.0184
-39.957,-20.907,14.004,6.1151
-38.961,-20.887,14.063,6.2109
-37.982,-20.868,14.121,6.3056
-37.018,-20.848,14.179,6.3992
-36.07,-20.828,14.237,6.4916
-35.138,-20.807,14.293,6.583
-34.223,-20.786,14.35,6.6734
-33.324,-20.765,14.406,6.7629
-32.441,-20.743,14.461,6.8514
-31.575,-20.721,14.517,6.9389
-30.725,-20.698,14.571,7.0255
-29.892,-20.676,14.625,7.1112
-29.075,-20.653,14.679,7.1959
-28.274,-20.629,14.732,7.2797
-27.49,-20.605,14.785,7.3625
-26.721,-20.581,14.837,7.4445
-25.968,-20.557,14.889,7.5255
-25.23,-20.532,14.94,7.6057
-24.508,-20.507,14.991,7.685
-23.801,-20.482,15.041,7.7633
-23.109,-20.456,15.091,7.8408
-22.431,-20.43,15.14,7.9175
-21.768,-20.404,15.189,7.9932
-21.12,-20.377,15.237,8.0681
-20.485,-20.35,15.285,8.1422
-19.864,-20.323,15.332,8.2154
-19.257,-20.296,15.379,8.2877
-18.663,-20.268,15.426,8.3592
-18.081,-20.24,15.472,8.4299
-17.513,-20.212,15.517,8.4998
-16.957,-20.183,15.562,8.5689
-16.413,-20.154,15.606,8.6371
-15.881,-20.125,15.65,8.7046
-15.361,-20.096,15.694,8.7712
-14.852,-20.066,15.736,8.8371
-14.354,-20.037,15.779,8.9021
-13.867,-20.007,15.821,8.9664
-13.39,-19.976,15.862,9.0299
-12.922,-19.946,15.903,9.0926
-12.465,-19.915,15.943,9.1546
-12.017,-19.884,15.983,9.2158
-11.58,-19.853,16.022,9.2762
-11.152,-19.822,16.061,9.3359
-10.733,-19.79,16.099,9.3949
-10.323,-19.759,16.137,9.4531
-9.9222,-19.727,16.174,9.5106
-9.5301,-19.694,16.211,9.5674
-9.1465,-19.662,16.247,9.6235
-8.7711,-19.63,16.282,9.6789
-8.4039,-19.597,16.317,9.7336
-8.0446,-19.564,16.352,9.7876
-7.693,-19.531,16.386,9.8408
-7.349,-19.498,16.42,9.8934
-7.0123,-19.465,16.453,9.9453
-6.6828,-19.432,16.485,9.9965
-6.3603,-19.398,16.517,10.047
-6.0447,-19.364,16.548,10.097
-5.7358,-19.331,16.58,10.146
-5.4334,-19.297,16.611,10.194
-5.1374,-19.263,16.641,10.242
-4.8476,-19.229,16.671,10.289
-4.564,-19.194,16.701,10.336
-4.2863,-19.16,16.73,10.382
-4.0144,-19.126,16.758,10.427
-3.7482,-19.091,16.786,-25.23
-3.4876,-19.057,16.814,-25.205
-3.2323,-19.022,16.84,-25.18
-2.9824,-18.987,16.867,-25.155
-2.7376,-18.953,16.893,-25.13
-2.498,-18.918,16.918,-25.104
-2.2632,-18.883,16.943,-25.077
-2.0333,-18.848,16.967,-25.051
-1.8081,-18.813,16.991,-25.025
-1.5876,-18.778,17.014,-24.999
-1.3715,-18.743,17.037,-24.973
-1.1599,-18.709,17.059,-24.947
-0.95262,-18.674,17.08,-24.922
-0.74953,-18.639,17.102,-24.897
-0.55056,-18.604,17.122,-24.872
-0.35565,-18.569,17.142,-24.847
-0.16383,-18.534,17.162,-24.823
0.025688,-18.499,17.181,-24.799
0.21139,-18.464,17.2,-24.774
0.3934,-18.429,17.218,-24.748
0.57179,-18.394,17.236,-24.722
0.74661,-18.359,17.253,-24.696
0.91795,-18.325,17.27,-24.671
1.0859,-18.29,17.286,-24.646
1.2505,-18.256,17.302,-24.621
1.4118,-18.221,17.317,-24.596
1.5699,-18.187,17.333,-24.572
1.7249,-18.152,17.348,-24.548
1.8768,-18.118,17.363,-24.525
2.0258,-18.084,17.378,-24.501
2.1717,-18.05,17.392,-24.478
2.3148,-18.016,17.405,-24.454
2.455,-17.982,17.418,-24.429
2.5925,-17.948,17.431,-24.404
2.7272,-17.915,17.443,-24.379
2.8593,-17.881,17.455,-24.354
2.9888,-17.848,17.466,-24.33
3.1157,-17.815,17.477,-24.306
3.2401,-17.781,17.487,-24.283
3.362,-17.748,17.497,-24.259
3.4815,-17.715,17.506,-24.236
3.5987,-17.683,17.515,-24.214
3.7135,-17.65,17.523,-24.191
3.8261,-17.617,17.531,-24.169
3.9364,-17.585,17.538,-24.144
4.0445,-17.552,17.545,-24.119
4.1505,-17.52,17.551,-24.094
4.2544,-17.488,17.557,-24.069
4.3562,-17.456,17.563,-24.045
4.456,-17.425,17.568,-24.022
4.5538,-17.393,17.573,-23.998
4.6496,-17.361,17.577,-23.975
4.7436,-17.33,17.58,-23.952
4.8356,-17.299,17.584,-23.93
4.9258,-17.267,17.587,-23.907
5.0142,-17.236,17.589,-23.885
5.1008,-17.206,17.591,-23.864
5.1857,-17.175,17.592,-23.843
5.2689,-17.144,17.594,-23.822
5.3529,-17.113,17.596,-23.801
5.4353,-17.083,17.598,-23.781
5.516,-17.053,17.599,-23.761
5.5951,-17.022,17.6,-23.741
5.6727,-16.992,17.601,-23.722
5.7487,-16.962,17.601,-23.703
5.8231,-16.932,17.601,-23.684
5.8961,-16.902,17.6,-23.666
5.9675,-16.872,17.599,-23.648
6.0376,-16.843,17.597,-23.63
6.1062,-16.811,17.595,-23.613
6.1735,-16.779,17.593,-23.595
6.2393,-16.747,17.59,-23.579
6.3039,-16.716,17.587,-23.56
6.3671,-16.685,17.584,-23.54
6.429,-16.655,17.58,-23.521
6.4897,-16.625,17.576,-23.501
6.5491,-16.596,17.571,-23.482
6.6073,-16.567,17.566,-23.463
6.6642,-16.539,17.561,-23.445
6.72,-16.512,17.555,-23.427
6.7747,-16.484,17.549,-23.409
6.8282,-16.458,17.542,-23.391
6.8806,-16.432,17.535,-23.374
6.9319,-16.406,17.528,-23.357
6.9821,-16.381,17.52,-23.34
7.0313,-16.357,17.512,-23.324
7.0794,-16.332,17.504,-23.308
7.1265,-16.309,17.496,-23.292
7.1726,-16.286,17.487,-23.277
7.2177,-16.263,17.477,-23.262
7.2619,-16.241,17.468,-23.247
7.305,-16.219,17.459,-23.232
7.3473,-16.198,17.451,-23.218
7.3887,-16.177,17.443,-23.204
7.4291,-16.157,17.434,-23.19
7.4686,-16.134,17.425,-23.177
7.5073,-16.109,17.415,-23.164
-16.084,7.5452,17.406,-23.151
-16.06,7.5821,17.395,-23.139
-16.036,7.6196,17.385,-23.127
-16.012,7.6569,17.374,-23.113
-15.989,7.6934,17.363,-23.098
-15.967,7.7291,17.352,-23.083
-15.945,7.764,17.34,-23.069
-15.923,7.7981,17.329,-23.054
-15.902,7.8315,17.316,-23.04
-15.881,7.8641,17.304,-23.026
-15.861,7.8959,17.291,-23.013
-15.841,7.9271,17.278,-22.999
-15.821,7.9575,17.265,-22.986
-15.802,7.9872,-22.974,17.251
-15.783,8.0162,-22.961,17.237
-15.765,8.0445,-22.949,17.223
-15.747,8.0722,-22.937,17.209
-15.73,8.0991,-22.926,17.194
-15.713,8.1254,-22.915,17.179
-15.696,8.1511,-22.904,17.164
-15.68,8.1761,-22.893,17.149
-15.664,8.2009,-22.883,17.133
-15.649,8.226,-22.872,17.117
-15.634,8.2506,-22.863,17.1
-15.619,8.2745,-22.853,17.084
-15.601,8.2979,-22.844,17.067
-15.582,8.3206,-22.835,17.052
-15.564,8.3427,-22.826,17.036
-15.546,8.3642,-22.818,17.021
-15.528,8.3851,-22.81,17.005
-15.511,8.4054,-22.802,16.988
-15.495,8.4251,-22.792,16.972
-15.478,8.4442,-22.782,16.955
-15.463,8.4628,-22.771,16.938
-15.448,8.4807,-22.762,16.921
-15.433,8.4981,-22.752,16.903
-15.42,8.5138,-22.744,16.884
-15.409,8.5279,-22.737,16.864
-15.398,8.5417,-22.73,16.844
-15.386,8.5555,-22.724,16.824
-15.375,8.5696,-22.717,16.804
-15.364,8.5846,-22.71,16.784
-15.353,8.5994,-22.703,16.766
-15.342,8.6141,-22.696,16.748
-15.331,8.6287,-22.689,16.73
-15.319,8.6431,-22.682,16.711
-15.308,8.6573,-22.675,16.693
-15.297,8.6715,-22.668,16.675
-15.286,8.6855,-22.661,16.657
-15.274,8.6993,-22.654,16.639
-15.263,8.7131,-22.647,16.621
-15.252,8.7267,-22.64,16.604
-15.236,8.7402,-22.632,16.586
-15.22,8.7535,-22.625,16.568
-15.204,8.7668,-22.618,16.551
-15.188,8.7799,-22.611,16.533
-15.172,8.7929,-22.603,16.516
-15.156,8.8057,-22.596,16.5
-15.14,-22.585,8.8186,16.484
-15.123,-22.575,8.8328,16.468
-15.107,-22.564,8.8469,16.452
-15.091,-22.554,8.8609,16.437
-15.078,-22.545,8.8724,16.419
-15.067,-22.539,8.8817,16.4
-15.057,-22.533,8.8908,16.38
-15.047,-22.527,8.8999,16.361
-15.037,-22.521,8.9089,16.341
-15.027,-22.515,8.9178,16.322
-15.016,-22.509,8.9266,16.303
-15.006,-22.503,8.9354,16.284
-14.996,-22.496,8.944,16.265
-14.985,-22.49,8.9526,16.246
-14.975,-22.484,8.9611,16.228
-14.964,-22.477,8.9695,16.211
-14.954,-22.471,8.9778,16.194
-14.943,-22.465,8.9861,16.177
-14.933,-22.458,8.9948,16.16
-14.922,-22.452,9.0046,16.143
-14.912,-22.445,9.0143,16.126
-14.9,-22.439,9.0239,16.109
-14.885,-22.432,9.0335,16.092
-14.87,-22.426,9.0429,16.076
-14.855,-22.419,9.0523,16.059
-14.84,-22.413,9.0616,16.042
-14.825,-22.404,9.0708,16.026
-14.81,-22.394,9.08,16.01
-14.795,-22.385,9.089,15.993
-14.78,-22.375,9.098,15.978
-14.77,-22.37,9.1033,15.96
-14.761,-22.364,9.1083,15.943
-14.751,-22.359,9.1134,15.925
-14.742,-22.354,9.1184,15.907
-14.732,-22.348,9.1233,15.889
-14.723,-22.343,9.1284,15.872
-14.713,-22.337,9.1351,15.854
-14.704,-22.332,9.1417,15.837
-14.694,-22.326,9.1482,15.819
-14.685,-22.321,9.1547,15.802
-14.675,-22.315,9.1611,15.785
-14.665,-22.31,9.1675,15.768
-14.656,-22.304,9.1738,15.75
-14.646,-22.298,9.18,15.734
-14.636,-22.293,9.1862,15.719
-14.626,-22.287,9.1923,15.704
-14.616,-22.281,9.1984,15.689
-14.606,-22.276,9.2045,15.674
-14.596,-22.27,9.2104,15.659
-14.584,-22.264,9.2163,15.644
-14.57,-22.258,9.2222,15.63
-14.556,-22.252,9.228,15.615
-14.542,-22.243,9.2348,15.6
-14.528,-22.235,9.2425,15.586
-14.514,-22.227,9.2501,15.571
-14.505,-22.221,9.2551,15.555
-14.496,-22.217,9.2595,15.537
-14.487,-22.212,9.2638,15.52
-14.479,-22.208,9.2681,15.504
-14.47,-22.203,9.2723,15.489
-14.461,-22.198,9.2765,15.474
-14.452,-22.194,9.2807,15.459
-14.444,-22.189,9.2848,15.444
-14.435,-22.184,9.2889,15.43
-14.426,-22.179,9.293,15.415
-14.417,-22.174,9.2971,15.4
-14.408,-22.169,9.3012,15.386
-14.399,-22.164,9.3052,15.371
-14.39,-22.159,9.3102,15.357
-14.38,-22.153,9.3162,15.342
-14.371,-22.148,9.3223,15.328
-14.362,-22.142,9.3283,15.313
-14.353,-22.137,9.3342,15.301
-14.343,-22.131,9.3402,15.289
-14.334,-22.126,9.3461,15.277
-14.325,-22.12,9.3519,15.265
-14.315,-22.114,9.3578,15.254
-14.304,-22.106,9.3636,15.242
-14.291,-22.097,9.3694,15.23
-14.278,-22.089,9.3751,15.219
-14.269,-22.084,9.3786,15.205
-14.261,-22.079,9.3817,15.191
-14.253,-22.074,9.3848,15.177
-14.246,-22.069,9.3879,15.163
-14.238,-22.064,9.3927,15.149
-14.23,-22.059,9.3981,15.136
-14.221,-22.054,9.4035,15.123
-14.213,-22.049,9.4089,15.111
-14.205,-22.044,15.099,9.4142
-14.197,-22.038,15.087,9.4196
-14.189,-22.033,15.075,9.4248
-14.181,-22.027,15.063,9.4301
-14.172,-22.022,15.051,9.4353
-14.164,-22.016,15.04,9.4405
-14.156,-22.01,15.028,9.4457
-14.147,-22.004,15.017,9.4509
-14.139,-21.998,15.006,9.456
-14.131,-21.992,14.995,9.4611
-14.122,-21.986,14.984,9.4661
-14.114,-21.98,14.973,9.4712
-14.105,-21.974,14.963,9.4762
-14.096,-21.966,14.952,9.4812
-14.088,-21.958,14.942,9.4861
-14.079,-21.95,14.932,9.4911
-14.07,-21.942,14.922,9.496
-14.062,-21.936,14.91,9.4993
-14.055,-21.931,14.898,9.5021
-14.048,-21.926,14.886,9.5049
-14.041,-21.92,14.874,9.5077
-14.034,-21.915,14.863,9.5104
-14.027,-21.909,14.851,25.434
-14.019,-21.903,14.84,25.53
-14.012,-21.898,14.828,25.627
-14.005,-21.892,14.817,25.723
-13.998,-21.886,14.806,25.82
-13.991,-21.88,14.795,25.918
-13.983,-21.874,14.784,26.015
-13.976,-21.868,26.113,14.773
-13.969,-21.862,26.211,14.763
-13.961,-21.855,26.31,14.752
-13.954,-21.849,26.409,14.741
-13.947,-21.843,26.508,14.731
-13.939,-21.836,26.608,14.721
-13.932,-21.83,26.708,14.71
-13.924,-21.823,26.807,14.7
-13.917,-21.815,26.908,14.69
-13.91,-21.807,27.008,14.68
-13.902,-21.799,27.108,14.67
-13.895,-21.791,27.209,14.66
-13.887,-21.783,27.31,14.65
-13.882,-21.776,27.41,14.64
-13.877,-21.771,27.51,14.628
-13.871,-21.765,27.61,14.617
-13.865,-21.759,27.711,14.606
-13.859,-21.753,27.811,14.594
-13.853,-21.747,27.912,14.583
-13.847,-21.741,28.013,14.572
-13.841,-21.734,28.114,14.561
-13.835,-21.728,28.216,14.55
-13.828,-21.722,28.319,14.539
-13.822,-21.715,28.421,14.528
-13.816,-21.709,28.524,14.517
-13.81,-21.702,28.627,14.507
-13.804,-21.696,28.73,14.496
-13.798,-21.689,28.834,14.485
-13.792,-21.682,28.937,14.474
-13.786,-21.675,29.041,14.464
-13.78,-21.669,29.145,14.453
-13.773,-21.661,29.249,14.442
-13.767,-21.654,29.353,14.432
-13.761,-21.646,29.457,14.421
-13.755,-21.638,29.562,14.411
-13.749,-21.63,29.666,14.4
-13.742,-21.622,29.771,14.39
-13.736,-21.614,29.876,14.379
-13.731,-21.606,29.981,14.368
-13.728,-21.6,30.087,14.357
-13.723,-21.594,30.192,14.345
-13.719,-21.587,30.298,14.333
-13.714,-21.581,30.404,14.321
-13.709,-21.575,30.51,14.309
-13.705,-21.568,30.616,14.298
-13.7,-21.561,30.722,14.286
-13.695,-21.555,30.829,14.274
-13.69,-21.548,30.935,14.262
-13.686,-21.541,31.042,14.25
-13.681,-21.535,31.149,14.239
-13.676,-21.528,31.256,14.227
-13.671,-21.521,31.363,14.215
-13.667,-21.514,31.47,14.203
-13.662,-21.507,31.578,14.191
-13.657,-21.499,31.685,14.179
-13.652,-21.492,31.793,14.167
-13.648,-21.484,31.901,14.155
-13.643,-21.477,32.011,14.143
-13.638,-21.469,32.12,14.131
-13.633,-21.461,32.23,14.119
-13.629,-21.454,32.34,14.107
-13.624,-21.446,32.449,14.095
-13.619,-21.438,32.559,14.083
-13.614,-21.43,32.669,14.07
-13.612,-21.423,32.779,14.057
-13.609,-21.417,32.888,14.044
-13.606,-21.41,32.998,14.03
-13.602,-21.404,33.107,14.017
-13.599,-21.397,33.217,14.003
-13.596,-21.39,33.327,13.99
-13.593,-21.383,33.437,13.976
-13.59,-21.377,33.547,13.962
-13.586,-21.37,33.657,13.949
-13.583,-21.363,33.767,13.935
-13.58,-21.356,33.879,13.921
-13.577,-21.349,33.992,13.907
-13.574,-21.341,34.104,13.893
-13.57,-21.335,34.217,13.879
-13.567,-21.328,34.329,13.865
-13.564,-21.321,34.442,13.851
-13.561,-21.313,34.555,13.837
-13.558,-21.306,34.669,13.822
-13.554,-21.299,34.782,13.808
-13.551,-21.292,34.896,13.793
-13.548,-21.284,35.009,13.779
-13.545,-21.277,35.123,13.764
-13.542,-21.27,35.237,13.749
-13.538,-21.262,35.351,13.735
-13.535,-21.255,35.465,13.72
-13.533,-21.248,35.579,13.704
-13.531,-21.241,35.693,13.688
-13.53,-21.235,35.807,13.673
-13.528,-21.228,35.921,13.657
-13.527,-21.221,36.035,13.641
-13.525,-21.214,36.149,13.624
-13.523,-21.207,36.263,13.608
-13.522,-21.201,36.377,13.592
-13.52,-21.194,36.491,13.575
-13.519,-21.187,36.606,13.559
-13.517,-21.181,36.72,13.542
-13.516,-21.175,36.835,13.525
-13.514,-21.169,36.949,13.509
-13.513,-21.162,37.064,13.492
-13.511,-21.156,37.179,13.475
-13.509,-21.149,37.293,13.458
-13.508,-21.143,37.408,13.44
-13.506,-21.136,37.523,13.423
-13.505,-21.13,37.638,13.405
-13.503,-21.123,37.753,13.388
-13.502,-21.116,37.868,13.37
-13.5,-21.109,37.983,13.352
-13.499,-21.103,38.098,13.335
-13.498,-21.096,38.213,13.317
-13.497,-21.089,38.328,13.298
-13.496,-21.082,38.444,13.28
-13.497,-21.076,38.561,13.261
-13.497,-21.069,38.677,13.242
-13.497,-21.063,38.794,13.223
-13.497,-21.056,38.91,13.204
-13.497,-21.051,39.026,13.185
-13.498,-21.046,39.143,13.166
-13.498,-21.041,39.259,13.146
-13.498,-21.035,39.376,13.127
-13.498,-21.03,39.492,13.107
-13.498,-21.025,39.608,13.087
-13.498,-21.019,39.725,13.068
-13.499,-21.014,39.841,13.048
-13.499,-21.008,39.958,13.027
-13.499,-21.003,40.074,13.007
-13.499,-20.997,40.19,12.987
-13.499,-20.991,40.306,12.966
-13.499,-20.986,40.423,12.946
-13.5,-20.98,40.539,12.925
-13.5,-20.974,40.655,12.904
-13.502,-20.968,40.771,12.883
-13.503,-20.962,40.887,12.862
-13.505,41.003,-20.956,12.841
-13.507,41.119,-20.95,12.82
-13.508,41.235,-20.944,12.799
-13.51,41.351,-20.94,12.777
-13.512,41.466,-20.936,12.755
-13.514,41.582,-20.932,12.734
-13.516,41.698,-20.928,12.712
-13.518,41.813,-20.924,12.689
-13.52,41.929,-20.921,12.667
-13.522,42.045,-20.917,12.645
-13.524,42.162,-20.913,12.623
-13.526,42.279,-20.909,12.6
-13.527,42.397,-20.905,12.578
-13.529,42.516,-20.902,12.555
-13.531,42.635,-20.898,12.532
-13.533,42.755,-20.895,12.51
-13.535,42.875,-20.892,12.487
-13.537,42.997,-20.888,12.464
-13.539,43.12,-20.885,12.441
-13.543,43.244,-20.882,12.418
-13.547,43.368,-20.879,18.543
-13.552,43.493,-20.876,18.546
-13.556,43.618,-20.873,18.55
-13.56,43.744,-20.87,18.554
-13.565,43.871,-20.867,18.557
-13.569,43.998,-20.865,18.561
-13.573,44.126,-20.862,18.564
-13.577,44.255,-20.86,18.568
-13.581,44.384,-20.857,18.572
-13.585,44.514,-20.855,18.575
-13.589,44.645,-20.852,18.579
-13.593,44.776,-20.85,18.583
-13.596,44.908,-20.848,18.587
-13.6,45.04,-20.845,18.59
-13.604,45.174,-20.842,18.594
-13.608,45.307,-20.837,18.598
-13.611,45.442,-20.832,18.601
-13.615,45.577,-20.828,18.605
-13.619,45.713,-20.824,18.609
-13.623,45.849,-20.819,18.615
-13.63,45.986,-20.815,18.62
-13.637,46.124,-20.811,18.625
-13.645,46.263,-20.806,18.63
-13.652,46.402,-20.802,18.635
-13.659,46.541,-20.798,18.64
-13.666,46.682,-20.794,18.645
-13.673,46.823,-20.788,18.65
-13.68,46.965,-20.781,18.655
-13.687,47.107,-20.775,18.66
-13.694,47.25,-20.768,18.665
-13.701,47.394,-20.762,18.67
-13.708,47.538,-20.756,18.675
-13.714,47.684,-20.749,18.681
-13.72,47.83,-20.742,18.686
-13.726,47.977,-20.735,18.692
-13.731,48.125,-20.728,18.697
-13.737,48.274,-20.722,18.703
-13.743,48.425,-20.712,18.708
-13.749,48.576,-20.703,18.714
-13.754,48.727,-20.693,18.719
-13.76,48.879,-20.684,18.725
-13.766,49.033,-20.675,18.732
-13.772,49.186,-20.665,18.738
-13.778,49.341,-20.656,18.745
-13.784,49.496,-20.647,18.752
-13.79,49.652,-20.638,18.758
-13.796,49.808,-20.629,18.765
-13.802,49.966,-20.62,18.772
-13.808,50.124,-20.608,18.778
-13.814,50.282,-20.596,18.785
-13.82,50.442,-20.584,18.791
-13.826,50.602,-20.572,18.798
-13.83,50.763,-20.56,18.805
-13.833,50.924,-20.548,18.811
-13.834,51.087,-20.536,18.818
-13.834,51.251,-20.523,18.826
-13.834,51.415,-20.511,18.833
-13.833,51.58,-20.498,18.841
-13.833,51.746,-20.482,18.848
-13.833,51.913,-20.466,18.856
-13.833,52.08,-20.45,18.863
-13.833,52.248,-20.434,18.871
-13.832,52.417,-20.418,18.879
-13.832,52.586,-20.403,18.887
-13.831,52.757,-20.387,18.896
-13.827,52.928,-20.371,18.904
-13.822,53.099,-20.356,18.913
-13.818,53.272,-20.34,18.921
-13.813,53.445,-20.322,18.929
-13.809,53.619,-20.303,18.938
-13.804,53.793,-20.284,18.946
-13.8,53.969,-20.265,18.955
-13.795,54.145,-20.246,18.963
-13.791,54.322,-20.227,18.972
-13.786,54.5,-20.208,18.98
-13.782,54.679,-20.19,18.988
-13.773,54.86,-20.17,18.998
-13.761,55.041,-20.149,19.008
-13.748,55.224,-20.125,19.018
-13.735,55.407,-20.101,19.028
-13.723,55.59,-20.076,19.037
-13.71,55.775,-20.052,19.047
-13.698,55.96,-20.028,19.057
-13.685,56.146,-20.004,19.067
-13.672,56.332,-19.98,19.078
-13.66,56.52,-19.956,19.088
-13.647,56.708,-19.933,19.099
-13.634,56.897,-19.906,19.109
-13.617,57.086,-19.876,19.12
-13.599,57.276,-19.846,19.13
-13.581,57.467,-19.816,19.141
-13.563,57.659,-19.787,19.151
-13.545,57.852,-19.757,19.162
-13.527,58.046,-19.727,19.172
-13.509,58.241,-19.698,19.182
-13.49,58.436,-19.669,19.193
-13.472,58.633,-19.639,19.203
-13.454,58.83,-19.61,19.214
-13.435,59.029,-19.58,19.225
-13.412,59.228,-19.551,19.235
-13.388,59.428,-19.522,19.246
-13.364,59.629,-19.492,19.257
-13.34,59.831,-19.463,19.267
-13.315,60.033,-19.434,19.278
-13.291,60.237,-19.405,19.288
-13.266,60.441,-19.376,19.299
-13.242,60.647,-19.339,19.31
-13.217,60.853,-19.302,19.321
-13.193,61.06,-19.264,19.331
-13.171,61.268,-19.228,19.341
-13.144,61.476,-19.193,19.35
-13.117,61.685,-19.158,19.359
-13.091,61.896,-19.123,19.368
-13.064,62.107,-19.088,19.377
-13.037,62.319,-19.053,19.385
-13.01,62.532,-19.018,19.394
-12.983,62.746,-18.983,19.403
-12.955,62.961,-18.948,19.412
-12.928,63.177,-18.914,19.421
-12.901,63.393,-18.879,19.43
-12.871,63.61,-18.844,19.438
-12.84,63.828,-18.812,19.446
-12.811,64.047,-18.78,19.452
-12.782,64.266,-18.748,19.459
-12.752,64.486,-18.709,19.465
-12.722,64.707,-18.669,19.472
-12.693,64.929,-18.628,19.478
-12.663,65.152,-18.588,19.484
-12.633,65.375,-18.548,19.491
-12.603,65.6,-18.507,19.497
-12.573,65.825,-18.467,19.503
-12.533,66.051,-18.427,19.509
-12.494,66.278,-18.388,19.515
-12.458,66.505,-18.35,19.519
-12.422,66.733,-18.313,19.522
-12.386,66.962,-18.276,19.526
-12.35,67.191,-18.239,19.53
-12.314,67.422,-18.202,19.533
-12.278,67.653,-18.165,19.537
-12.241,67.886,-18.128,19.54
-12.205,68.119,-18.091,19.544
-12.168,68.353,-18.054,19.547
-12.132,68.587,-18.011,19.551
-12.097,68.823,-17.968,19.553
-12.066,69.058,-17.926,19.554
-12.035,69.295,-17.884,19.554
-12.004,69.533,-17.842,19.554
-11.972,69.771,-17.8,19.554
-11.941,70.01,-17.759,19.554
-11.909,70.25,-17.717,19.553
-11.877,70.491,-17.675,19.553
-11.838,70.733,-17.634,19.553
-11.79,70.976,-17.592,19.553
-11.743,71.219,-17.551,19.552
-11.702,71.463,-17.512,19.549
-11.661,71.707,-17.474,19.545
-11.62,71.952,-17.436,19.542
-11.578,72.198,-17.398,19.538
-11.537,72.445,-17.36,19.535
-11.495,72.693,-17.322,19.531
-11.453,72.941,-17.283,19.528
-11.411,73.19,-17.239,19.524
-11.368,73.44,-17.196,19.52
-11.326,73.691,-17.152,19.516
-11.29,73.942,-17.113,19.509
-11.254,74.194,-17.073,19.501
-11.218,74.446,-17.033,19.492
-11.182,74.7,-16.994,19.483
-11.146,74.954,-16.954,19.475
-11.11,75.209,-16.915,19.466
-11.073,75.464,-16.872,19.457
-11.031,75.721,-16.829,19.448
-10.979,75.978,-16.787,19.439
-10.928,76.235,-16.745,19.429
-10.883,76.494,-16.706,19.417
-10.837,76.753,-16.667,19.404
-10.792,77.012,-16.629,19.392
-10.746,77.273,-16.59,19.379
-10.7,77.534,-16.551,19.366
-10.654,77.796,-16.512,19.353
-10.607,78.058,-16.47,19.34
-10.56,78.322,-16.428,19.327
-10.513,78.586,-16.387,19.314
-10.477,78.85,-16.351,19.295
-10.442,79.116,-16.316,19.274
-10.408,79.382,-16.281,19.253
-10.373,79.648,-16.245,19.232
-10.338,79.916,-16.21,19.211
-10.303,80.183,-16.175,19.19
-10.267,80.45,-16.139,19.168
-10.231,80.718,-16.101,19.147
-10.195,80.984,-16.063,19.126
-10.144,81.251,-16.025,19.105
-10.092,81.517,-15.987,19.084
-10.039,81.783,-15.949,19.063
-9.9863,82.049,-15.91,19.042
-9.9332,82.314,-15.872,19.021
-9.8798,82.579,-15.834,18.999
-9.826,82.843,-15.795,18.978
-9.7718,83.108,-15.756,18.957
-9.7174,83.371,-15.715,18.936
-9.677,83.636,-15.681,18.909
-9.6416,83.9,-15.649,18.88
-9.606,84.163,-15.617,18.851
-9.5702,84.427,-15.584,18.821
-9.5341,84.69,-15.552,18.792
-9.4979,84.952,-15.52,18.763
-9.4614,85.215,-15.488,18.733
-9.4247,85.476,-15.456,18.704
-9.3878,85.738,-15.423,18.674
-9.3506,85.999,-15.389,18.645
-9.3132,86.259,-15.355,18.616
-9.2701,86.519,-15.32,18.587
-9.2209,86.778,-15.285,18.56
-9.1714,87.036,-15.251,18.533
-9.1216,87.294,-15.216,18.506
-9.0715,87.55,-15.181,18.479
-9.0212,87.806,-15.146,18.452
-8.9705,88.06,-15.112,18.425
-8.9388,88.313,-15.085,18.39
-8.9083,88.564,-15.059,18.355
-8.8776,88.81,-15.031,18.32
-8.8461,89.049,-15.004,18.284
-8.808,89.274,-14.976,18.251
-8.7697,89.467,-14.948,18.219
-8.7311,89.582,-14.921,18.186
-8.6924,89.555,-14.893,18.153
-8.6535,89.406,-14.865,18.121
-8.6143,89.2,-14.837,18.088
-8.575,88.971,-14.809,18.055
-8.5354,88.733,-14.781,18.022
-8.4956,88.489,-14.753,17.989
-8.4557,88.242,-14.724,17.956
-8.4118,87.994,-14.694,17.926
-8.3648,87.745,-14.664,17.896
-8.3176,87.496,-14.635,17.866
-8.2723,87.246,-14.606,17.836
-8.2449,86.993,-14.585,17.798
-8.2173,86.741,-14.564,17.76
-8.1895,86.489,-14.543,17.722
-8.1617,86.238,-14.521,17.684
-8.1336,85.986,-14.5,17.646
-8.1055,85.735,-14.478,17.609
-8.0772,85.484,-14.457,17.574
-8.0437,85.233,-14.434,17.54
-8.0092,84.983,-14.412,17.505
-7.9744,84.733,-14.389,17.47
-7.9395,84.484,-14.367,17.435
-7.9045,84.235,-14.344,17.401
-7.8693,83.986,-14.321,17.366
-7.8339,83.738,-14.299,17.331
-7.7984,83.491,-14.276,17.296
-7.7627,83.244,-14.253,17.264
-7.7269,82.997,-14.23,17.233
-7.691,82.751,-14.207,17.202
-7.6628,82.504,-14.189,17.166
-7.6354,82.257,-14.171,17.129
-7.6079,82.01,-14.153,17.092
-7.5803,81.764,-14.135,17.055
-7.5525,81.519,-14.117,17.018
-7.5247,81.275,-14.099,16.981
-7.4967,81.03,-14.081,16.948
-7.4686,80.787,-14.063,16.915
-7.4405,80.544,-14.044,16.882
-7.4166,80.3,-14.028,16.848
-7.3968,80.057,-14.013,16.811
-7.3741,79.814,-13.998,16.775
-7.3495,79.572,-13.983,16.738
-7.3248,79.33,-13.968,16.702
-7.3001,79.089,-13.952,16.667
-7.2752,78.848,-13.937,16.634
-7.2503,78.608,-13.921,16.602
-7.2252,78.369,-13.905,16.57
-7.2002,78.13,-13.89,16.538
-7.182,77.891,-13.877,16.503
-7.1646,77.651,-13.864,16.467
-7.1471,77.413,-13.851,16.432
-7.1294,77.175,-13.838,16.396
-7.1079,76.938,-13.826,16.367
-7.0863,76.701,-13.813,16.339
-7.0647,76.465,-13.8,16.31
-7.043,76.229,-13.787,16.282
-7.0212,75.994,-13.774,16.253
-6.9994,75.76,-13.76,16.225
-6.9844,75.525,-13.75,16.193
-6.9694,75.29,-13.739,16.162
-6.9544,75.057,-13.728,16.131
-6.9394,74.823,-13.718,16.099
-6.9243,74.591,-13.707,16.068
-6.909,74.359,16.036,-13.696
-6.8906,74.128,16.005,-13.685
-6.8722,73.897,15.973,-13.674
-6.8538,73.667,15.941,-13.663
-6.8353,73.438,15.91,-13.652
-6.8213,73.209,15.883,-13.643
-6.8088,72.981,15.86,-13.634
-6.7963,72.753,15.836,-13.625
-6.7837,72.526,15.812,-13.617
-6.7712,72.299,15.788,-13.608
-6.7586,72.074,15.764,-13.599
-6.746,71.848,15.74,-13.59
-6.7334,71.624,15.716,-13.581
-6.719,71.401,15.692,-13.572
-6.7039,71.178,15.668,-13.563
-6.6891,70.956,15.644,-13.554
-6.6791,70.733,15.618,-13.546
-6.669,70.511,15.592,-13.539
-6.6589,70.29,15.566,-13.532
-6.6488,70.07,15.54,-13.524
-6.6387,69.851,15.513,-13.517
-6.6286,69.632,15.498,-13.51
-6.6185,69.414,15.482,-13.502
-6.6083,69.196,15.467,-13.495
-6.5982,68.98,15.451,-13.487
-6.588,68.764,15.436,-13.48
-6.5763,68.549,15.42,-13.472
-6.5684,68.334,15.403,-13.466
-6.5607,68.119,15.386,-13.46
-6.5529,67.905,15.369,-13.454
-6.5452,67.692,15.352,-13.448
-6.5374,67.48,15.334,-13.442
-6.5296,67.268,15.317,-13.436
-6.5218,67.057,15.3,-13.43
-6.5141,66.847,15.283,-13.424
-6.5063,66.638,15.266,-13.417
-6.4985,66.429,15.253,-13.411
-6.4907,66.221,15.246,-13.405
-6.4842,66.014,15.239,-13.399
-6.4791,65.807,15.231,-13.395
-6.4735,65.6,15.224,-13.39
-6.4679,65.395,15.216,-13.385
-6.4623,65.19,15.208,-13.38
-6.4567,64.986,15.2,-13.374
-6.4511,64.783,15.192,-13.369
-6.4455,64.58,15.185,-13.364
-6.4399,64.378,15.177,-13.359
-6.4343,64.177,15.169,-13.354
-6.4287,63.977,15.162,-13.349
-6.4232,63.778,15.154,-13.343
-6.418,63.579,15.146,-13.338
-6.415,63.38,15.138,-13.334
-6.412,63.182,15.135,-13.329
-6.4085,62.985,15.134,-13.325
-6.4049,62.789,15.133,-13.321
-6.4013,62.593,15.132,-13.317
-6.3977,62.398,15.131,-13.313
-6.3941,62.204,15.131,-13.308
-6.3905,62.011,15.13,-13.304
-6.3869,61.818,15.13,-13.3
-6.3833,61.626,15.132,-13.295
-6.3797,61.435,15.137,-13.291
-6.3761,61.244,15.141,-13.286
-6.3732,61.055,15.145,-13.282
-6.3714,60.865,15.149,-13.278
-6.3696,60.677,15.153,-13.274
-6.3679,60.489,15.156,-13.27
-6.3661,60.301,15.16,-13.266
-6.3642,60.115,15.167,-13.262
-6.3624,59.929,15.175,-13.258
-6.3605,59.744,15.184,-13.253
-6.3587,59.56,15.193,-13.248
-6.3569,59.376,15.202,-13.243
-6.355,59.193,15.211,-13.238
-6.3532,59.011,15.22,-13.233
-6.3514,58.83,15.229,-13.228
-6.3496,58.649,15.239,-13.222
-6.3487,58.469,15.252,-13.218
-6.348,58.289,15.265,-13.213
-6.3474,58.11,15.278,-13.208
-6.3467,57.932,15.291,-13.203
-6.346,57.755,15.305,-13.198
-6.3454,57.578,15.319,-13.193
-6.3451,57.402,15.332,-13.188
-6.3448,57.227,15.346,-13.183
-6.3445,57.053,15.363,-13.178
-6.3442,56.879,15.38,-13.173
-6.3439,56.706,15.398,-13.167
-6.3436,56.534,15.416,-13.162
-6.3432,15.435,56.362,-13.157
-6.3429,15.453,56.191,-13.152
-6.343,15.472,56.021,-13.146
-6.3432,15.491,55.852,-13.141
-6.3435,15.51,55.683,-13.136
-6.3437,15.531,55.514,-13.131
-6.344,15.553,55.347,-13.126
-6.3442,15.576,55.18,-13.12
-6.3445,15.599,55.014,-13.115
-6.3452,15.622,54.848,-13.11
-6.3462,15.645,54.683,-13.104
-6.3471,15.668,54.518,-13.099
-6.3481,15.692,54.353,-13.094
-6.349,15.715,54.189,-13.089
-6.35,15.74,54.024,-13.084
-6.3509,15.766,53.859,-13.079
-6.3519,15.793,53.694,-13.074
-6.3529,15.819,53.529,-13.069
-6.3539,15.845,53.364,-13.064
-6.3549,15.872,53.199,-13.059
-6.3559,15.898,53.035,-13.054
-6.3569,15.925,52.871,-13.05
-6.358,15.952,52.707,-13.045
-6.359,15.979,52.543,-13.041
-6.36,16.008,52.379,-13.035
-6.3612,16.037,52.215,-13.026
-6.3632,16.066,52.051,-13.018
-6.3652,16.096,51.888,-13.009
-6.3672,16.125,51.725,-13.001
-6.3692,16.155,51.562,-12.993
-6.3712,16.184,51.399,-12.984
-6.3731,16.214,51.236,-12.976
-6.3751,16.244,51.074,-12.968
-6.3768,16.274,50.911,-12.96
-6.3785,16.306,50.749,-12.952
-6.3801,16.338,50.588,-12.944
-6.3818,16.371,50.426,-12.936
-6.3834,16.403,50.264,-12.928
-6.3851,16.435,50.103,-12.92
-6.3867,16.468,49.942,-12.912
-6.3883,16.501,49.781,-12.904
-6.39,16.534,49.621,-12.896
-6.3916,16.567,49.46,-12.889
-6.3915,16.6,49.3,-12.881
-6.391,16.634,49.14,-12.874
-6.3906,16.668,48.98,-12.866
-6.3901,16.703,48.82,-12.859
-6.3896,16.738,48.659,-12.851
-6.3892,16.773,48.499,-12.844
-6.3884,16.808,48.34,-12.837
-6.3873,16.844,48.181,-12.829
-6.3862,16.88,48.022,-12.822
-6.3851,16.916,47.863,-12.814
-6.384,16.952,47.705,-12.807
-6.3829,16.988,47.547,-12.8
-6.3818,17.025,47.389,-12.793
-6.3807,17.062,47.231,-12.786
-6.3796,17.1,47.074,-12.778
-6.3785,17.138,46.917,-12.771
-6.3774,17.175,46.76,-12.765
-6.3763,17.213,46.604,-12.758
-6.3752,17.252,46.448,-12.751
-6.3741,17.29,46.292,-12.744
-6.373,17.328,46.137,-12.737
-6.3719,17.367,45.981,-12.731
-6.3708,17.406,45.826,-12.724
-6.3694,17.445,45.672,-12.717
-6.3674,17.485,45.518,-12.71
-6.3653,17.525,45.364,-12.704
-6.3633,17.566,45.211,-12.696
-6.3613,17.606,45.058,-12.685
-6.3592,17.647,44.905,-12.673
-6.3572,17.688,44.752,-12.662
-6.3551,17.729,44.6,-12.651
-6.3531,17.77,44.448,-12.639
-6.3511,17.811,44.296,-12.628
-6.349,17.853,44.144,-12.617
-6.347,17.895,43.992,-12.606
-6.345,17.937,43.84,-12.595
-6.3429,17.979,43.688,-12.584
-6.3409,18.021,43.537,-12.573
-6.3388,18.064,43.386,-12.562
-6.3368,18.106,43.236,-12.551
-6.3348,18.149,43.086,-12.54
-6.3339,18.191,42.936,-12.53
-6.3339,18.233,42.786,-12.52
-6.3339,18.275,42.636,-12.51
-6.3339,18.317,42.487,-12.5
-6.3327,18.359,42.338,-12.491
-6.3225,18.402,42.189,-12.481
-6.3123,18.444,42.041,-12.471
-6.302,18.487,41.893,-12.462
-6.2918,18.529,41.745,-12.452
-6.2816,18.572,41.598,-12.439
-6.2713,18.615,41.451,-12.425
-6.2611,18.658,41.305,-12.412
-6.2508,18.701,41.159,-12.399
-6.2406,18.745,41.013,-12.385
-6.2303,18.788,40.868,-12.372
-6.22,18.832,40.723,-12.359
-6.2098,18.876,40.578,-12.346
-6.1995,18.92,40.434,-12.333
-6.1892,18.964,40.29,-12.319
-6.1788,19.009,40.147,-12.306
-6.1685,19.053,40.004,-12.294
-6.1582,19.097,39.861,-12.281
-6.1478,19.142,39.718,-12.268
-6.1375,19.186,39.575,-12.255
-6.1271,19.231,39.432,-12.242
-6.1167,19.275,39.29,-12.229
-6.1063,19.32,39.147,-12.217
-6.0958,19.366,39.005,-12.204
-6.0854,19.411,38.863,-12.192
-6.0749,19.456,38.721,-12.179
-6.0644,19.502,38.58,-12.167
-6.0539,19.548,38.438,-12.154
-6.0434,19.594,38.297,-12.141
-6.0328,19.64,38.156,-12.124
-6.0222,19.685,38.016,-12.107
-6.0116,19.731,37.876,-12.09
-6.001,19.776,37.736,-12.073
-5.9904,19.822,37.596,-12.057
-5.9797,19.868,37.458,-12.04
-5.969,19.914,37.32,-12.023
-5.9582,19.961,37.183,-12.007
-5.9475,20.007,37.047,-11.99
-5.9367,20.054,36.91,-11.974
-5.9258,20.101,36.774,-11.957
-5.915,20.147,36.638,-11.941
-5.9075,20.192,36.502,-11.926
-5.9075,20.231,36.363,-11.913
-5.9075,20.27,36.225,-11.901
-5.9075,20.309,36.086,-11.889
-5.9075,20.35,35.949,-11.877
-5.9075,20.391,35.811,-11.864
-5.9075,20.433,35.674,-11.852
-5.8999,20.474,35.538,-11.84
-5.8875,20.516,35.401,-11.828
-5.875,20.557,35.266,-11.816
-5.8626,20.599,35.131,-11.804
-5.8501,20.641,34.997,-11.793
-5.8375,20.683,34.865,-11.776
-5.825,20.725,34.732,-11.759
-5.8123,20.767,34.6,-11.742
-5.7997,20.81,34.468,-11.725
-5.787,20.852,34.336,-11.708
-5.7743,20.894,34.205,-11.692
-5.7615,20.937,34.075,-11.675
-5.7487,20.98,33.944,-11.658
-5.7358,21.023,33.814,-11.642
-5.7229,21.065,33.685,-11.625
-5.71,21.108,33.556,-11.609
-5.697,21.151,33.427,-11.592
-5.6839,21.195,33.299,-11.576
-5.6708,21.238,33.171,-11.559
-5.6577,21.281,33.044,-11.543
-5.6445,21.324,32.918,-11.526
-5.6312,21.368,32.793,-11.51
-5.6179,21.412,32.669,-11.494
-5.6045,21.455,32.545,-11.478
-5.5907,21.499,32.421,-11.461
-5.5663,21.543,32.298,-11.445
-5.5418,21.587,32.175,-11.429
-5.5172,21.631,32.052,-11.413
-5.4925,21.675,31.93,-11.397
-5.4677,21.719,31.808,-11.38
-5.4428,21.763,31.687,-11.359
-5.4178,21.808,31.566,-11.337
-5.3926,21.852,31.446,-11.315
-5.3673,21.897,31.325,-11.294
-5.3419,21.941,-11.272,31.206
-5.3164,21.997,-11.251,31.086
-5.2907,22.053,-11.23,30.97
-5.2649,22.109,-11.208,30.853
-5.2437,22.161,-11.188,30.735
-5.2321,22.206,-11.172,30.615
-5.2204,22.251,-11.156,30.495
-5.2087,22.296,-11.139,30.376
-5.1969,22.34,-11.123,30.256
-5.1851,22.385,-11.107,30.138
-5.1732,22.43,-11.091,30.019
-5.1612,22.475,-11.075,29.901
-5.1492,22.52,-11.058,29.784
-5.1371,22.566,-11.042,29.666
-5.1249,22.611,-11.026,29.55
-5.1126,22.656,-11.01,29.433
-5.0896,22.701,-10.994,29.317
-5.064,22.747,-10.978,29.204
-5.0382,22.792,-10.962,29.091
-5.0123,22.837,-10.946,28.978
-4.9862,22.883,-10.93,28.865
-4.9599,22.928,-10.911,28.753
-4.9334,22.974,-10.889,28.642
-4.9068,23.019,-10.867,28.531
-4.88,23.065,-10.845,28.42
-4.8531,23.11,-10.823,28.309
-4.8259,23.156,-10.801,28.199
-4.8095,23.193,-10.783,28.086
-4.7954,23.228,-10.766,27.973
-4.7811,23.263,-10.748,27.861
-4.7668,23.298,-10.731,27.749
-4.7524,23.332,-10.714,27.637
-4.7378,23.367,-10.696,27.528
-4.7231,23.402,-10.679,27.419
-4.7084,23.436,-10.662,27.31
-4.6935,23.471,-10.644,27.202
-4.6785,23.505,-10.627,27.095
-4.6634,23.54,-10.61,26.987
-4.6481,23.574,-10.593,26.88
-4.6328,23.611,-10.575,26.773
-4.6173,23.661,-10.558,26.667
-4.6017,23.71,-10.541,26.562
-4.5721,23.761,-10.524,26.456
-4.5402,23.812,-10.506,26.352
-4.508,23.864,-10.489,26.248
-4.4756,23.917,-10.471,26.144
-4.4429,23.97,-10.454,26.043
-4.41,24.024,-10.434,25.943
-4.3769,24.079,-10.409,25.844
-4.3471,24.131,-10.386,25.744
-4.3301,24.174,-10.367,25.641
-4.313,24.218,-10.348,25.539
-4.2957,24.262,-10.328,25.437
-4.2783,24.307,-10.308,25.336
-4.2608,24.352,-10.289,25.235
-4.2431,24.399,-10.269,25.135
-4.2253,24.446,-10.249,25.035
-4.2074,24.493,-10.23,24.936
-4.1893,24.542,-10.21,24.837
-4.1711,24.597,-10.19,24.739
-4.1527,24.661,-10.17,24.645
-4.1343,24.725,-10.15,24.551
-4.1157,24.79,-10.129,24.458
-4.0969,24.856,-10.109,24.365
-4.0781,24.923,-10.089,24.272
-4.0591,24.99,-10.068,24.18
-4.0399,25.059,-10.048,24.089
-4.0207,25.129,-10.027,23.998
-3.9904,25.199,-10.007,23.907
-3.9513,25.271,-9.9862,23.817
-3.9119,25.343,-9.9655,23.727
-3.8722,25.416,-9.9447,23.638
-3.8346,25.489,-9.9245,23.548
-3.8144,25.549,-9.9093,23.456
-3.7941,25.609,-9.8899,23.363
-3.7737,25.671,-9.8676,23.271
-3.7531,25.734,-9.8451,23.18
-3.7324,25.797,-9.8226,23.089
-3.7115,25.862,-9.8001,22.998
-3.6905,25.937,-9.7774,22.908
-3.6693,26.02,-9.7547,22.818
-3.648,26.105,-9.732,22.729
-3.6266,26.19,-9.7091,22.64
-3.6051,26.277,-9.6862,22.551
-3.5834,26.365,-9.6632,22.463
-3.5615,26.455,-9.6402,22.376
-3.5396,26.545,-9.6171,22.288
-3.5175,26.637,-9.5939,22.206
-3.4952,26.731,-9.5706,22.125
-3.4729,26.825,-9.5473,22.043
-3.4504,26.921,-9.5239,21.962
-3.4278,27.019,-9.5005,21.882
-3.405,27.118,-9.477,21.802
-3.3822,27.218,-9.4534,21.722
-3.3561,27.32,-9.4297,21.642
-3.3098,27.424,-9.406,21.563
-3.2718,27.522,-9.3845,21.483
-3.2484,27.61,-9.3669,21.4
-3.2248,27.699,-9.3492,21.317
-3.2011,27.798,-9.3315,21.235
-3.1773,27.911,-9.3137,21.153
-3.1533,28.025,-9.2936,21.072
-3.1292,28.141,-9.2683,20.991
-3.1049,28.259,-9.2429,20.91
-3.0806,28.378,-9.2175,20.83
-3.0561,28.5,-9.192,20.75
-3.0314,28.623,-9.1664,20.67
-3.0067,28.749,-9.1408,20.591
-2.9818,28.876,-9.1151,20.512
-2.9568,29.005,-9.0893,20.433
-2.9317,29.137,-9.0635,20.355
-2.9065,29.27,-9.0376,20.277
-2.8812,29.406,-9.0116,20.2
-2.8557,29.544,-8.9856,20.126
-2.8301,29.684,-8.9595,20.054
-2.8045,29.826,-8.9334,19.982
-2.7787,29.971,-8.9072,19.91
-2.7528,30.118,-8.8809,19.839
-2.7268,30.268,-8.8546,19.768
-2.7008,30.42,-8.8282,19.697
-2.6746,30.599,-8.8018,19.627
-2.6576,30.761,-8.7813,19.553
-2.631,30.923,-8.7615,19.479
-2.6043,31.088,-8.7415,19.405
-2.5774,31.256,-8.7215,19.331
-2.5505,31.427,-8.7015,19.258
-2.5235,31.601,-8.6814,19.185
-2.4963,31.778,-8.6612,19.112
-2.4691,31.958,-8.641,19.04
-2.4417,32.141,-8.6168,18.968
-2.4143,32.327,-8.5888,18.896
-2.3867,32.517,-8.5607,18.824
32.71,-2.3591,-8.5325,18.753
32.906,-2.3313,-8.5043,18.682
33.106,-2.3035,-8.476,18.612
33.31,-2.2756,-8.4477,18.542
33.518,-2.2476,-8.4193,18.472
33.729,-2.2196,-8.3908,18.402
33.944,-2.1914,-8.3623,18.333
34.163,-2.1632,-8.3338,18.267
34.395,-2.135,-8.3052,18.203
34.652,-2.1066,-8.2765,18.138
34.913,-2.0782,-8.2478,18.074
35.178,-2.0498,-8.219,18.011
35.449,-2.0213,-8.1901,17.947
35.725,-1.9927,-8.1612,17.884
35.988,-1.9831,-8.137,17.818
36.247,-1.9831,-8.115,17.751
36.512,-1.9608,-8.0931,17.684
36.782,-1.9314,-8.071,17.617
37.057,-1.9019,-8.0489,17.551
37.338,-1.8724,-8.0268,17.485
37.624,-1.8428,-8.0046,17.419
37.916,-1.8131,-7.9823,17.354
38.214,-1.7834,-7.96,17.289
38.518,-1.7536,-7.9377,17.224
38.829,-1.7238,-7.9153,17.159
39.145,-1.694,-7.8918,17.095
39.468,-1.6641,-7.8614,17.03
39.799,-1.6342,-7.8309,16.966
40.135,-1.6042,-7.8003,16.903
40.488,-1.5742,-7.7697,16.839
40.872,-1.5442,-7.7391,16.776
41.265,-1.5142,-7.7084,16.714
41.666,-1.4841,-7.6777,16.651
42.074,-1.4541,-7.6469,16.59
42.491,-1.424,-7.6161,16.531
42.917,-1.3939,-7.5852,16.472
43.351,-1.3638,-7.5543,16.413
43.794,-1.3337,-7.5233,16.355
44.247,-1.3036,-7.4923,16.296
44.709,-1.2735,-7.4612,16.238
45.164,-1.2603,-7.4342,16.178
45.616,-1.2603,-7.4104,16.116
46.078,-1.2603,-7.3866,16.054
46.55,-1.2376,-7.3626,15.992
47.033,-1.2064,-7.3387,15.93
47.527,-1.1751,-7.3147,15.869
48.031,-1.1439,-7.2907,15.809
48.548,-1.1126,-7.2666,15.75
49.076,-1.0814,-7.2425,15.691
49.616,-1.0501,-7.2183,15.632
50.168,-1.0189,-7.1941,15.574
50.761,-0.98773,-7.1699,15.516
51.374,-0.95656,-7.1456,15.458
52,-0.92542,-7.1213,15.401
52.64,-0.89431,-7.0957,15.343
53.293,-0.86323,-7.0632,15.286
53.959,-0.83219,-7.0307,15.229
54.639,-0.80119,-6.9981,15.173
55.334,-0.77023,-6.9655,15.116
56.043,-0.73933,-6.9328,15.06
56.766,-0.70848,-6.9001,15.005
57.505,-0.67768,-6.8674,14.951
58.258,-0.64695,-6.8347,14.897
59.026,-0.61627,-6.8019,14.843
59.81,-0.58567,-6.769,14.789
60.609,-0.55514,-6.7362,14.736
61.423,-0.52468,-6.7033,14.683
62.241,-0.50993,-6.6742,14.627
63.062,-0.50994,-6.6488,14.57
63.9,-0.50994,-6.6232,14.513
64.755,-0.49675,-6.5977,14.456
65.626,-0.46478,-6.5721,14.4
66.515,-0.43289,-6.5465,14.343
67.446,-0.40105,-6.5209,14.287
68.394,-0.36929,-6.4952,14.232
69.357,-0.33761,-6.4695,14.177
70.334,-0.30601,-6.4438,14.123
71.326,-0.27448,-6.418,14.069
72.331,-0.24305,-6.3922,14.015
73.349,-0.2117,-6.3664,13.961
74.379,-0.18044,-6.3405,13.908
75.421,-0.14928,-6.3146,13.855
76.473,-0.11822,-6.2887,13.802
77.535,-0.087265,-6.2628,13.749
78.603,-0.056412,-6.2353,13.696
79.677,-0.025668,-6.2063,13.644
80.752,0.0049641,-6.1773,13.592
81.825,0.035482,-6.1483,13.54
82.889,0.065882,-6.1193,13.488
83.932,0.096161,-6.0902,13.438
84.936,0.12632,-6.0611,13.387
85.865,0.15635,-6.032,13.337
86.648,0.18625,-6.0029,13.287
87.153,0.21602,-5.9737,13.237
87.218,0.24565,-5.9445,13.188
86.813,0.26235,-5.9186,13.137
86.078,0.26235,-5.8976,13.083
85.162,0.26235,-5.8781,13.029
84.15,0.28678,-5.8586,12.976
83.085,0.31824,-5.839,12.923
81.989,0.34958,-5.8194,12.87
80.877,0.38078,-5.7998,12.817
79.755,0.41185,-5.7802,12.765
78.628,0.44279,-5.7605,12.713
77.501,0.47359,-5.7409,12.662
76.376,0.50425,-5.7211,12.611
75.254,0.53476,-5.7014,12.56
74.139,0.56513,-5.6817,12.509
